userId,movieId,rating
196,319,1
196,408,1
196,283,1
196,275,1
196,14,1
196,169,1
196,189,1
196,137,1
196,50,1
196,1,1
186,323,1
186,678,1
186,245,1
186,328,1
186,748,1
186,307,1
186,260,1
186,326,1
186,879,1
186,685,1
22,56,1
22,98,1
22,1,1
22,257,1
22,67,1
22,288,1
22,100,1
22,395,1
22,63,1
22,234,1
244,274,1
244,421,1
244,25,1
244,4,1
244,202,1
244,1014,1
244,402,1
244,239,1
244,24,1
244,692,1
166,245,1
166,326,1
166,333,1
166,289,1
166,307,1
166,678,1
166,259,1
166,690,1
166,269,1
166,301,1
298,100,1
298,15,1
298,56,1
298,222,1
298,173,1
298,64,1
298,191,1
298,480,1
298,117,1
298,216,1
115,129,1
115,276,1
115,156,1
115,200,1
115,150,1
115,1,1
115,591,1
115,182,1
115,919,1
115,64,1
253,174,1
253,172,1
253,69,1
253,195,1
253,423,1
253,357,1
253,11,1
253,28,1
253,176,1
253,181,1
305,213,1
305,531,1
305,509,1
305,340,1
305,313,1
305,137,1
305,124,1
305,182,1
305,652,1
305,22,1
6,603,1
6,705,1
6,181,1
6,604,1
6,654,1
6,657,1
6,283,1
6,661,1
6,172,1
6,289,1
62,25,1
62,381,1
62,150,1
62,124,1
62,732,1
62,88,1
62,137,1
62,77,1
62,42,1
62,52,1
286,313,1
286,49,1
286,294,1
286,347,1
286,319,1
286,716,1
286,94,1
286,715,1
286,384,1
286,109,1
200,181,1
200,566,1
200,127,1
200,471,1
200,237,1
200,554,1
200,100,1
200,233,1
200,281,1
200,300,1
210,496,1
210,8,1
210,194,1
210,95,1
210,196,1
210,82,1
210,143,1
210,191,1
210,144,1
210,588,1
224,939,1
224,471,1
224,531,1
224,462,1
224,690,1
224,307,1
224,272,1
224,292,1
224,463,1
224,713,1
303,217,1
303,1074,1
303,39,1
303,672,1
303,642,1
303,628,1
303,710,1
303,175,1
303,108,1
303,789,1
122,462,1
122,531,1
122,213,1
122,170,1
122,59,1
122,45,1
122,735,1
122,463,1
122,651,1
122,223,1
194,378,1
194,584,1
194,96,1
194,662,1
194,684,1
194,176,1
194,528,1
194,699,1
194,151,1
194,462,1
291,68,1
291,233,1
291,831,1
291,217,1
291,452,1
291,665,1
291,201,1
291,2,1
291,554,1
291,559,1
234,708,1
234,58,1
234,310,1
234,969,1
234,736,1
234,420,1
234,729,1
234,275,1
234,633,1
234,272,1
119,284,1
119,248,1
119,333,1
119,1014,1
119,476,1
119,1,1
119,763,1
119,151,1
119,118,1
119,15,1
167,514,1
167,211,1
167,523,1
167,194,1
167,663,1
167,705,1
167,199,1
167,430,1
167,498,1
167,483,1
299,269,1
299,340,1
299,709,1
299,382,1
299,268,1
299,116,1
299,272,1
299,301,1
299,42,1
299,124,1
308,10,1
308,474,1
308,631,1
308,405,1
308,222,1
308,190,1
308,52,1
308,478,1
308,13,1
308,647,1
95,230,1
95,435,1
95,380,1
95,582,1
95,162,1
95,86,1
95,526,1
95,222,1
95,100,1
95,584,1
38,227,1
38,181,1
38,230,1
38,50,1
38,229,1
38,63,1
38,62,1
38,554,1
38,231,1
38,568,1
102,678,1
102,100,1
102,145,1
102,257,1
102,323,1
102,259,1
102,679,1
102,380,1
102,441,1
102,452,1
63,275,1
63,9,1
63,124,1
63,7,1
63,151,1
63,127,1
63,117,1
63,293,1
63,319,1
63,248,1
160,98,1
160,121,1
160,919,1
160,181,1
160,591,1
160,12,1
160,222,1
160,235,1
160,156,1
160,200,1
50,129,1
50,258,1
50,7,1
50,273,1
50,302,1
50,127,1
50,293,1
50,150,1
50,919,1
50,50,1
301,234,1
301,200,1
301,185,1
301,208,1
301,188,1
301,238,1
301,135,1
301,432,1
301,472,1
301,257,1
225,483,1
225,174,1
225,205,1
225,357,1
225,199,1
225,318,1
225,496,1
225,523,1
225,484,1
225,134,1
290,195,1
290,79,1
290,56,1
290,173,1
290,501,1
290,96,1
290,186,1
290,969,1
290,451,1
290,25,1
97,56,1
97,474,1
97,185,1
97,483,1
97,514,1
97,523,1
97,238,1
97,176,1
97,211,1
97,180,1
157,237,1
157,257,1
157,15,1
157,121,1
157,151,1
157,9,1
157,222,1
157,294,1
157,7,1
157,181,1
181,1012,1
181,1023,1
181,244,1
181,295,1
181,248,1
181,293,1
181,1142,1
181,1014,1
181,253,1
181,1089,1
278,300,1
278,340,1
278,289,1
278,748,1
278,268,1
278,328,1
278,272,1
278,321,1
278,271,1
278,319,1
276,90,1
276,761,1
276,327,1
276,155,1
276,895,1
276,1188,1
276,824,1
276,642,1
276,1217,1
276,651,1
7,218,1
7,525,1
7,5,1
7,684,1
7,414,1
7,233,1
7,705,1
7,322,1
7,708,1
7,2,1
10,514,1
10,427,1
10,318,1
10,190,1
10,528,1
10,89,1
10,187,1
10,523,1
10,213,1
10,515,1
284,327,1
284,326,1
284,288,1
284,245,1
284,271,1
284,316,1
284,331,1
284,292,1
284,321,1
284,294,1
201,5,1
201,60,1
201,327,1
201,44,1
201,652,1
201,628,1
201,170,1
201,293,1
201,569,1
201,270,1
287,288,1
287,7,1
287,150,1
287,24,1
287,475,1
287,258,1
287,405,1
287,151,1
287,273,1
287,508,1
246,218,1
246,53,1
246,233,1
246,217,1
246,2,1
246,229,1
246,546,1
246,33,1
246,144,1
246,234,1
242,286,1
242,258,1
242,269,1
242,300,1
242,289,1
242,319,1
242,14,1
242,285,1
242,301,1
242,321,1
249,475,1
249,276,1
249,127,1
249,150,1
249,508,1
249,288,1
249,246,1
249,151,1
249,204,1
249,293,1
99,249,1
99,298,1
99,257,1
99,1014,1
99,250,1
99,252,1
99,1012,1
99,248,1
99,150,1
99,24,1
178,132,1
178,191,1
178,252,1
178,357,1
178,182,1
178,272,1
178,496,1
178,291,1
178,879,1
178,289,1
251,276,1
251,127,1
251,9,1
251,273,1
251,591,1
251,546,1
251,508,1
251,284,1
251,628,1
251,98,1
81,117,1
81,257,1
81,15,1
81,50,1
81,181,1
81,9,1
81,508,1
81,235,1
81,127,1
81,125,1
260,328,1
260,690,1
260,302,1
260,332,1
260,327,1
260,301,1
260,751,1
260,269,1
260,315,1
260,245,1
25,100,1
25,194,1
25,168,1
25,172,1
25,211,1
25,483,1
25,435,1
25,56,1
25,210,1
25,496,1
59,281,1
59,546,1
59,471,1
59,631,1
59,222,1
59,628,1
59,282,1
59,117,1
59,509,1
59,378,1
72,183,1
72,22,1
72,185,1
72,483,1
72,144,1
72,31,1
72,651,1
72,511,1
72,276,1
72,11,1
87,168,1
87,173,1
87,98,1
87,1,1
87,257,1
87,395,1
87,28,1
87,69,1
87,191,1
87,655,1
42,378,1
42,476,1
42,393,1
42,31,1
42,22,1
42,144,1
42,8,1
42,133,1
42,699,1
42,186,1
292,23,1
292,185,1
292,12,1
292,480,1
292,318,1
292,357,1
292,187,1
292,474,1
292,182,1
292,192,1
20,117,1
20,222,1
20,237,1
20,100,1
20,257,1
20,294,1
20,127,1
20,7,1
20,79,1
20,56,1
13,259,1
13,304,1
13,616,1
13,47,1
13,715,1
13,134,1
13,1118,1
13,139,1
13,642,1
13,245,1
138,127,1
138,50,1
138,181,1
138,275,1
138,9,1
138,515,1
138,276,1
138,174,1
138,479,1
138,7,1
60,504,1
60,530,1
60,520,1
60,432,1
60,526,1
60,521,1
60,648,1
60,193,1
60,657,1
60,497,1
57,127,1
57,742,1
57,276,1
57,118,1
57,255,1
57,508,1
57,25,1
57,273,1
57,591,1
57,147,1
223,815,1
223,15,1
223,471,1
223,748,1
223,678,1
223,280,1
223,245,1
223,1028,1
223,1047,1
223,220,1
189,285,1
189,86,1
189,478,1
189,237,1
189,213,1
189,509,1
189,514,1
189,528,1
189,427,1
189,482,1
243,462,1
243,276,1
243,70,1
243,213,1
243,9,1
243,274,1
243,124,1
243,707,1
243,381,1
243,100,1
92,70,1
92,127,1
92,550,1
92,3,1
92,293,1
92,232,1
92,151,1
92,578,1
92,33,1
92,83,1
241,333,1
241,272,1
241,327,1
241,328,1
241,271,1
241,751,1
241,258,1
241,315,1
241,340,1
241,347,1
254,294,1
254,300,1
254,420,1
254,404,1
254,434,1
254,95,1
254,385,1
254,161,1
254,648,1
254,568,1
293,58,1
293,318,1
293,735,1
293,44,1
293,9,1
293,191,1
293,385,1
293,470,1
293,281,1
293,95,1
127,313,1
127,328,1
127,269,1
127,323,1
127,245,1
127,751,1
127,333,1
127,302,1
127,678,1
127,289,1
222,720,1
222,1028,1
222,684,1
222,748,1
222,1228,1
222,33,1
222,930,1
222,820,1
222,1047,1
222,831,1
267,184,1
267,96,1
267,234,1
267,79,1
267,4,1
267,200,1
267,219,1
267,173,1
267,11,1
267,232,1
11,50,1
11,181,1
11,313,1
11,294,1
11,82,1
11,403,1
11,269,1
11,381,1
11,288,1
11,1,1
8,288,1
8,300,1
8,271,1
8,748,1
8,313,1
8,678,1
8,98,1
8,286,1
8,328,1
8,333,1
162,100,1
162,405,1
162,257,1
162,273,1
162,24,1
162,250,1
162,240,1
162,455,1
162,546,1
162,150,1
279,722,1
279,575,1
279,14,1
279,452,1
279,72,1
279,765,1
279,674,1
279,53,1
279,127,1
279,769,1
145,288,1
145,748,1
145,245,1
145,323,1
145,322,1
145,264,1
145,326,1
145,325,1
145,243,1
145,307,1
28,183,1
28,181,1
28,127,1
28,172,1
28,187,1
28,265,1
28,431,1
28,144,1
28,182,1
28,177,1
135,665,1
135,53,1
135,184,1
135,200,1
135,218,1
135,271,1
135,11,1
135,96,1
135,89,1
135,182,1
32,1,1
32,121,1
32,258,1
32,237,1
32,127,1
32,286,1
32,25,1
32,300,1
32,15,1
32,748,1
90,463,1
90,582,1
90,492,1
90,736,1
90,58,1
90,315,1
90,277,1
90,504,1
90,461,1
90,487,1
216,246,1
216,173,1
216,24,1
216,762,1
216,96,1
216,121,1
216,240,1
216,186,1
216,195,1
216,111,1
250,79,1
250,286,1
250,11,1
250,300,1
250,268,1
250,302,1
250,273,1
250,172,1
250,298,1
250,22,1
271,86,1
271,151,1
271,162,1
271,736,1
271,71,1
271,213,1
271,143,1
271,222,1
271,99,1
271,483,1
265,121,1
265,405,1
265,222,1
265,25,1
265,9,1
265,276,1
265,546,1
265,597,1
265,127,1
265,255,1
198,12,1
198,144,1
198,22,1
198,28,1
198,273,1
198,92,1
198,202,1
198,588,1
198,282,1
198,150,1
168,237,1
168,471,1
168,111,1
168,476,1
168,50,1
168,756,1
168,148,1
168,147,1
168,298,1
168,127,1
110,720,1
110,358,1
110,268,1
110,328,1
110,172,1
110,62,1
110,210,1
110,216,1
110,941,1
110,4,1
58,276,1
58,93,1
58,197,1
58,179,1
58,919,1
58,508,1
58,79,1
58,357,1
58,302,1
58,186,1
237,194,1
237,523,1
237,484,1
237,56,1
237,435,1
237,480,1
237,657,1
237,654,1
237,427,1
237,205,1
94,231,1
94,2,1
94,44,1
94,5,1
94,239,1
94,747,1
94,578,1
94,554,1
94,449,1
94,582,1
128,699,1
128,318,1
128,162,1
128,724,1
128,313,1
128,735,1
128,8,1
128,22,1
128,272,1
128,95,1
44,117,1
44,79,1
44,234,1
44,210,1
44,265,1
44,568,1
44,127,1
44,546,1
44,28,1
44,742,1
264,408,1
264,109,1
264,169,1
264,152,1
264,189,1
264,919,1
264,108,1
264,13,1
264,50,1
264,154,1
41,172,1
41,204,1
41,64,1
41,79,1
41,210,1
41,483,1
41,197,1
41,22,1
41,427,1
41,496,1
82,117,1
82,98,1
82,257,1
82,742,1
82,471,1
82,515,1
82,845,1
82,282,1
82,172,1
82,427,1
262,97,1
262,173,1
262,732,1
262,196,1
262,202,1
262,88,1
262,161,1
262,144,1
262,215,1
262,4,1
174,274,1
174,815,1
174,25,1
174,283,1
174,1047,1
174,294,1
174,732,1
174,756,1
174,275,1
174,301,1
43,476,1
43,255,1
43,125,1
43,739,1
43,451,1
43,762,1
43,288,1
43,419,1
43,655,1
43,99,1
84,50,1
84,9,1
84,127,1
84,181,1
84,471,1
84,125,1
84,275,1
84,118,1
84,257,1
84,845,1
269,443,1
269,559,1
269,4,1
269,203,1
269,558,1
269,99,1
269,709,1
269,382,1
269,10,1
269,91,1
259,50,1
259,100,1
259,7,1
259,1,1
259,258,1
259,56,1
259,127,1
259,257,1
259,222,1
259,174,1
85,151,1
85,302,1
85,736,1
85,603,1
85,131,1
85,1,1
85,198,1
85,7,1
85,185,1
85,463,1
213,276,1
213,9,1
213,237,1
213,183,1
213,15,1
213,96,1
213,89,1
213,22,1
213,423,1
213,210,1
121,286,1
121,258,1
121,15,1
121,222,1
121,7,1
121,475,1
121,283,1
121,471,1
121,289,1
121,285,1
49,109,1
49,24,1
49,150,1
49,288,1
49,408,1
49,710,1
49,184,1
49,246,1
49,189,1
49,405,1
155,258,1
155,269,1
155,289,1
155,302,1
155,690,1
155,313,1
155,333,1
155,304,1
155,301,1
155,307,1
68,1,1
68,15,1
68,100,1
68,222,1
68,151,1
68,257,1
68,294,1
68,546,1
68,284,1
68,274,1
172,192,1
172,479,1
172,654,1
172,482,1
172,521,1
172,134,1
172,604,1
172,507,1
172,484,1
172,528,1
19,269,1
19,286,1
19,300,1
19,50,1
19,302,1
19,340,1
19,301,1
19,173,1
19,56,1
19,181,1
268,90,1
268,431,1
268,175,1
268,367,1
268,410,1
268,109,1
268,202,1
268,401,1
268,150,1
268,508,1
5,67,1
5,72,1
5,554,1
5,217,1
5,559,1
5,636,1
5,158,1
5,1118,1
5,577,1
5,88,1
80,318,1
80,174,1
80,357,1
80,286,1
80,172,1
80,191,1
80,56,1
80,173,1
80,197,1
80,22,1
66,100,1
66,222,1
66,118,1
66,151,1
66,276,1
66,25,1
66,125,1
66,546,1
66,111,1
66,273,1
18,584,1
18,655,1
18,511,1
18,694,1
18,662,1
18,173,1
18,507,1
18,640,1
18,531,1
18,855,1
26,147,1
26,273,1
26,245,1
26,289,1
26,281,1
26,123,1
26,275,1
26,763,1
26,472,1
26,596,1
130,260,1
130,264,1
130,323,1
130,406,1
130,369,1
130,201,1
130,826,1
130,825,1
130,977,1
130,338,1
256,763,1
256,148,1
256,281,1
256,411,1
256,717,1
256,111,1
256,924,1
256,69,1
256,871,1
256,720,1
1,475,1
1,286,1
1,276,1
1,288,1
1,294,1
1,582,1
1,515,1
1,382,1
1,508,1
1,462,1
56,739,1
56,257,1
56,2,1
56,72,1
56,4,1
56,367,1
56,401,1
56,380,1
56,240,1
56,566,1
15,294,1
15,126,1
15,245,1
15,304,1
15,284,1
15,288,1
15,276,1
15,313,1
15,117,1
15,100,1
207,50,1
207,168,1
207,1,1
207,172,1
207,496,1
207,48,1
207,427,1
207,275,1
207,257,1
207,479,1
232,258,1
232,174,1
232,12,1
232,179,1
232,511,1
232,79,1
232,213,1
232,427,1
232,86,1
232,180,1
52,276,1
52,1,1
52,9,1
52,50,1
52,283,1
52,181,1
52,127,1
52,222,1
52,255,1
52,14,1
161,294,1
161,275,1
161,1,1
161,300,1
161,258,1
161,237,1
161,172,1
161,173,1
161,357,1
161,64,1
148,100,1
148,210,1
148,202,1
148,435,1
148,216,1
148,153,1
148,79,1
148,423,1
148,318,1
148,28,1
125,257,1
125,154,1
125,169,1
125,993,1
125,514,1
125,428,1
125,319,1
125,408,1
125,254,1
125,100,1
83,237,1
83,934,1
83,815,1
83,257,1
83,280,1
83,742,1
83,763,1
83,222,1
83,202,1
83,402,1
272,64,1
272,168,1
272,180,1
272,318,1
272,182,1
272,496,1
272,195,1
272,603,1
272,173,1
272,427,1
151,99,1
151,8,1
151,283,1
151,708,1
151,71,1
151,237,1
151,588,1
151,527,1
151,479,1
151,511,1
54,294,1
54,222,1
54,300,1
54,282,1
54,125,1
54,678,1
54,323,1
54,628,1
54,286,1
54,293,1
16,176,1
16,210,1
16,185,1
16,173,1
16,186,1
16,50,1
16,132,1
16,265,1
16,187,1
16,238,1
91,258,1
91,199,1
91,185,1
91,286,1
91,678,1
91,661,1
91,96,1
91,288,1
91,194,1
91,180,1
294,628,1
294,591,1
294,685,1
294,150,1
294,763,1
294,302,1
294,326,1
294,310,1
294,284,1
294,975,1
229,301,1
229,690,1
229,333,1
229,307,1
229,327,1
229,310,1
229,268,1
229,270,1
229,271,1
229,332,1
36,300,1
36,301,1
36,328,1
36,286,1
36,302,1
36,258,1
36,294,1
36,313,1
36,326,1
36,259,1
70,294,1
70,258,1
70,288,1
70,56,1
70,98,1
70,100,1
70,7,1
70,195,1
70,117,1
70,144,1
14,1,1
14,137,1
14,286,1
14,257,1
14,237,1
14,515,1
14,508,1
14,169,1
14,194,1
14,153,1
295,393,1
295,732,1
295,432,1
295,66,1
295,239,1
295,692,1
295,418,1
295,501,1
295,367,1
295,625,1
233,427,1
233,582,1
233,22,1
233,86,1
233,172,1
233,28,1
233,199,1
233,79,1
233,479,1
233,173,1
214,286,1
214,124,1
214,258,1
214,197,1
214,198,1
214,129,1
214,919,1
214,150,1
214,514,1
214,59,1
192,1,1
192,151,1
192,286,1
192,275,1
192,237,1
192,13,1
192,294,1
192,222,1
192,181,1
192,288,1
100,307,1
100,332,1
100,301,1
100,327,1
100,682,1
100,343,1
100,312,1
100,305,1
100,331,1
100,338,1
307,202,1
307,216,1
307,98,1
307,435,1
307,127,1
307,79,1
307,88,1
307,69,1
307,294,1
307,97,1
297,127,1
297,172,1
297,121,1
297,318,1
297,276,1
297,313,1
297,64,1
297,96,1
297,9,1
297,179,1
193,748,1
193,751,1
193,245,1
193,181,1
193,50,1
193,22,1
193,172,1
193,173,1
193,323,1
193,678,1
113,748,1
113,302,1
113,269,1
113,475,1
113,301,1
113,313,1
113,181,1
113,276,1
113,307,1
113,1,1
275,82,1
275,151,1
275,568,1
275,172,1
275,161,1
275,7,1
275,403,1
275,385,1
275,100,1
275,234,1
219,268,1
219,286,1
219,340,1
219,313,1
219,302,1
219,272,1
219,301,1
219,288,1
219,300,1
219,315,1
218,174,1
218,238,1
218,185,1
218,474,1
218,172,1
218,89,1
218,357,1
218,79,1
218,195,1
218,210,1
123,194,1
123,318,1
123,357,1
123,191,1
123,174,1
123,181,1
123,515,1
123,603,1
123,137,1
123,199,1
158,151,1
158,475,1
158,405,1
158,515,1
158,9,1
158,237,1
158,276,1
158,25,1
158,98,1
158,179,1
302,300,1
302,286,1
302,326,1
302,288,1
302,313,1
302,678,1
302,259,1
302,690,1
302,304,1
302,269,1
23,179,1
23,210,1
23,127,1
23,168,1
23,197,1
23,169,1
23,286,1
23,97,1
23,69,1
23,435,1
296,318,1
296,283,1
296,12,1
296,302,1
296,288,1
296,64,1
296,116,1
296,479,1
296,174,1
296,319,1
33,332,1
33,326,1
33,748,1
33,690,1
33,331,1
33,272,1
33,322,1
33,327,1
33,302,1
33,286,1
154,514,1
154,127,1
154,56,1
154,98,1
154,100,1
154,603,1
154,194,1
154,134,1
154,180,1
154,12,1
77,79,1
77,64,1
77,204,1
77,318,1
77,7,1
77,194,1
77,12,1
77,22,1
77,234,1
77,180,1
270,100,1
270,24,1
270,919,1
270,273,1
270,129,1
270,150,1
270,276,1
270,151,1
270,124,1
270,246,1
187,202,1
187,318,1
187,238,1
187,153,1
187,357,1
187,194,1
187,174,1
187,172,1
187,655,1
187,382,1
170,748,1
170,286,1
170,307,1
170,332,1
170,289,1
170,243,1
170,879,1
170,690,1
170,313,1
170,331,1
101,476,1
101,15,1
101,25,1
101,685,1
101,410,1
101,291,1
101,274,1
101,864,1
101,235,1
101,148,1
184,709,1
184,151,1
184,83,1
184,111,1
184,8,1
184,732,1
184,367,1
184,204,1
184,179,1
184,168,1
112,326,1
112,292,1
112,340,1
112,270,1
112,271,1
112,288,1
112,268,1
112,259,1
112,682,1
112,304,1
133,307,1
133,690,1
133,333,1
133,301,1
133,302,1
133,748,1
133,326,1
133,288,1
133,332,1
133,323,1
215,173,1
215,79,1
215,96,1
215,69,1
215,265,1
215,97,1
215,318,1
215,568,1
215,135,1
215,435,1
69,127,1
69,276,1
69,1,1
69,286,1
69,257,1
69,121,1
69,324,1
69,250,1
69,327,1
69,249,1
104,298,1
104,742,1
104,125,1
104,118,1
104,1,1
104,151,1
104,597,1
104,323,1
104,284,1
104,24,1
240,258,1
240,328,1
240,333,1
240,690,1
240,327,1
240,294,1
240,332,1
240,326,1
240,271,1
240,315,1
144,275,1
144,462,1
144,111,1
144,283,1
144,582,1
144,268,1
144,86,1
144,121,1
144,289,1
144,25,1
191,690,1
191,333,1
191,347,1
191,258,1
191,327,1
191,268,1
191,310,1
191,271,1
191,311,1
191,245,1
61,313,1
61,286,1
61,288,1
61,245,1
61,307,1
61,326,1
61,289,1
61,302,1
61,322,1
61,259,1
142,258,1
142,286,1
142,300,1
142,269,1
142,313,1
142,302,1
142,327,1
142,271,1
142,748,1
142,340,1
177,286,1
177,357,1
177,346,1
177,325,1
177,180,1
177,185,1
177,234,1
177,264,1
177,313,1
177,246,1
203,286,1
203,300,1
203,121,1
203,9,1
203,245,1
203,127,1
203,15,1
203,289,1
203,328,1
203,405,1
21,831,1
21,840,1
21,455,1
21,841,1
21,515,1
21,825,1
21,1025,1
21,250,1
21,331,1
21,363,1
197,327,1
197,343,1
197,358,1
197,260,1
197,268,1
197,270,1
197,331,1
197,338,1
197,269,1
197,324,1
134,288,1
134,245,1
134,289,1
134,322,1
134,304,1
134,333,1
134,690,1
134,307,1
134,321,1
134,271,1
180,82,1
180,4,1
180,97,1
180,88,1
180,210,1
180,42,1
180,70,1
180,172,1
180,168,1
180,402,1
236,471,1
236,1,1
236,22,1
236,276,1
236,125,1
236,357,1
236,121,1
236,284,1
236,215,1
236,527,1
263,172,1
263,313,1
263,286,1
263,427,1
263,56,1
263,173,1
263,193,1
263,187,1
263,191,1
263,603,1
109,685,1
109,38,1
109,24,1
109,2,1
109,684,1
109,240,1
109,273,1
109,235,1
109,720,1
109,554,1
64,432,1
64,99,1
64,204,1
64,200,1
64,286,1
64,272,1
64,294,1
64,164,1
64,117,1
64,402,1
114,194,1
114,514,1
114,174,1
114,603,1
114,134,1
114,187,1
114,23,1
114,523,1
114,64,1
114,435,1
239,170,1
239,197,1
239,480,1
239,657,1
239,517,1
239,23,1
239,357,1
239,192,1
239,302,1
239,191,1
117,273,1
117,250,1
117,100,1
117,24,1
117,147,1
117,455,1
117,294,1
117,508,1
117,79,1
117,127,1
65,204,1
65,174,1
65,172,1
65,22,1
65,8,1
65,357,1
65,79,1
65,153,1
65,496,1
65,143,1
137,294,1
137,288,1
137,258,1
137,127,1
137,100,1
137,323,1
137,678,1
137,7,1
137,286,1
137,328,1
257,268,1
257,242,1
257,319,1
257,302,1
257,19,1
257,283,1
257,124,1
257,306,1
257,744,1
257,20,1
111,300,1
111,690,1
111,751,1
111,750,1
111,268,1
111,347,1
111,306,1
111,270,1
111,327,1
111,288,1
285,294,1
285,50,1
285,181,1
285,127,1
285,748,1
285,1,1
285,268,1
285,289,1
285,7,1
285,56,1
96,357,1
96,172,1
96,168,1
96,180,1
96,603,1
96,134,1
96,135,1
96,523,1
96,204,1
96,427,1
116,327,1
116,886,1
116,334,1
116,321,1
116,245,1
116,319,1
116,338,1
116,316,1
116,682,1
116,875,1
73,174,1
73,98,1
73,50,1
73,172,1
73,168,1
73,258,1
73,79,1
73,191,1
73,204,1
73,194,1
221,11,1
221,68,1
221,249,1
221,421,1
221,176,1
221,226,1
221,22,1
221,98,1
221,195,1
221,147,1
235,286,1
235,514,1
235,302,1
235,173,1
235,258,1
235,357,1
235,172,1
235,56,1
235,134,1
235,168,1
164,294,1
164,288,1
164,546,1
164,15,1
164,286,1
164,1,1
164,147,1
164,284,1
164,289,1
164,50,1
281,328,1
281,245,1
281,286,1
281,313,1
281,307,1
281,269,1
281,678,1
281,879,1
281,292,1
281,302,1
182,276,1
182,117,1
182,127,1
182,151,1
182,7,1
182,9,1
182,25,1
182,275,1
182,405,1
182,742,1
129,301,1
129,690,1
129,328,1
129,315,1
129,340,1
129,333,1
129,751,1
129,294,1
129,306,1
129,289,1
45,405,1
45,235,1
45,117,1
45,546,1
45,1047,1
45,125,1
45,274,1
45,222,1
45,240,1
45,1028,1
131,283,1
131,116,1
131,319,1
131,475,1
131,237,1
131,258,1
131,289,1
131,13,1
131,321,1
131,294,1
230,133,1
230,318,1
230,193,1
230,215,1
230,483,1
230,173,1
230,194,1
230,191,1
230,118,1
230,136,1
126,307,1
126,301,1
126,269,1
126,347,1
126,259,1
126,331,1
126,270,1
126,271,1
126,748,1
126,750,1
231,237,1
231,294,1
231,222,1
231,117,1
231,100,1
231,118,1
231,275,1
231,257,1
231,25,1
231,125,1
280,356,1
280,720,1
280,97,1
280,51,1
280,470,1
280,597,1
280,685,1
280,143,1
280,684,1
280,28,1
288,288,1
288,56,1
288,181,1
288,172,1
288,313,1
288,302,1
288,79,1
288,183,1
288,187,1
288,603,1
152,815,1
152,476,1
152,732,1
152,216,1
152,202,1
152,70,1
152,756,1
152,95,1
152,1047,1
152,1,1
217,227,1
217,288,1
217,229,1
217,450,1
217,230,1
217,449,1
217,452,1
217,184,1
217,358,1
217,294,1
79,302,1
79,242,1
79,475,1
79,14,1
79,408,1
79,294,1
79,321,1
79,300,1
79,289,1
79,181,1
75,257,1
75,15,1
75,276,1
75,50,1
75,7,1
75,181,1
75,127,1
75,9,1
75,255,1
75,282,1
245,1,1
245,121,1
245,118,1
245,405,1
245,257,1
245,15,1
245,25,1
245,117,1
245,237,1
245,100,1
282,313,1
282,286,1
282,328,1
282,748,1
282,301,1
282,690,1
282,751,1
282,245,1
282,326,1
282,270,1
78,258,1
78,286,1
78,300,1
78,1,1
78,50,1
78,100,1
78,181,1
78,748,1
78,111,1
78,275,1
118,183,1
118,182,1
118,89,1
118,187,1
118,12,1
118,96,1
118,192,1
118,195,1
118,209,1
118,1073,1
283,1,1
283,25,1
283,257,1
283,111,1
283,121,1
283,181,1
283,222,1
283,405,1
283,235,1
283,476,1
171,300,1
171,301,1
171,347,1
171,751,1
171,333,1
171,750,1
171,328,1
171,307,1
171,271,1
171,311,1
107,328,1
107,748,1
107,294,1
107,301,1
107,690,1
107,307,1
107,245,1
107,289,1
107,751,1
107,326,1
226,100,1
226,50,1
226,127,1
226,475,1
226,181,1
226,276,1
226,1,1
226,124,1
226,137,1
226,515,1
306,237,1
306,1,1
306,137,1
306,15,1
306,9,1
306,276,1
306,294,1
306,475,1
306,50,1
306,151,1
173,333,1
173,748,1
173,307,1
173,313,1
173,288,1
173,304,1
173,340,1
173,270,1
173,271,1
173,750,1
185,100,1
185,14,1
185,1,1
185,283,1
185,137,1
185,294,1
185,222,1
185,124,1
185,289,1
185,7,1
150,7,1
150,9,1
150,237,1
150,222,1
150,117,1
150,257,1
150,508,1
150,286,1
150,258,1
150,405,1
274,121,1
274,151,1
274,257,1
274,222,1
274,127,1
274,284,1
274,7,1
274,283,1
274,1028,1
274,126,1
188,172,1
188,183,1
188,423,1
188,1,1
188,117,1
188,132,1
188,496,1
188,222,1
188,89,1
188,135,1
48,435,1
48,134,1
48,514,1
48,197,1
48,482,1
48,318,1
48,199,1
48,205,1
48,657,1
48,180,1
311,162,1
311,435,1
311,582,1
311,633,1
311,95,1
311,736,1
311,427,1
311,313,1
311,1039,1
311,609,1
165,294,1
165,286,1
165,300,1
165,313,1
165,50,1
165,748,1
165,269,1
165,289,1
165,302,1
165,268,1
208,173,1
208,168,1
208,153,1
208,8,1
208,238,1
208,191,1
208,210,1
208,172,1
208,692,1
208,69,1
2,748,1
2,328,1
2,245,1
2,321,1
2,319,1
2,9,1
2,15,1
2,333,1
2,323,1
2,268,1
205,245,1
205,323,1
205,288,1
205,690,1
205,301,1
205,259,1
205,302,1
205,321,1
205,307,1
205,292,1
248,56,1
248,288,1
248,258,1
248,222,1
248,12,1
248,276,1
248,195,1
248,273,1
248,286,1
248,318,1
93,25,1
93,237,1
93,111,1
93,274,1
93,405,1
93,257,1
93,117,1
93,742,1
93,756,1
93,255,1
159,1047,1
159,300,1
159,763,1
159,257,1
159,864,1
159,926,1
159,282,1
159,1,1
159,252,1
159,1016,1
146,288,1
146,751,1
146,268,1
146,333,1
146,690,1
146,270,1
146,748,1
146,305,1
146,750,1
146,343,1
29,258,1
29,288,1
29,327,1
29,333,1
29,313,1
29,271,1
29,328,1
29,322,1
29,690,1
29,340,1
156,23,1
156,174,1
156,182,1
156,483,1
156,56,1
156,98,1
156,479,1
156,134,1
156,427,1
156,191,1
37,181,1
37,98,1
37,250,1
37,100,1
37,234,1
37,1,1
37,218,1
37,184,1
37,742,1
37,258,1
141,685,1
141,595,1
141,148,1
141,9,1
141,1016,1
141,763,1
141,845,1
141,628,1
141,924,1
141,411,1
195,286,1
195,288,1
195,294,1
195,268,1
195,50,1
195,322,1
195,289,1
195,302,1
195,245,1
195,475,1
108,151,1
108,15,1
108,25,1
108,257,1
108,9,1
108,117,1
108,286,1
108,118,1
108,276,1
108,258,1
47,300,1
47,319,1
47,313,1
47,294,1
47,242,1
47,748,1
47,690,1
47,328,1
47,333,1
47,270,1
255,358,1
255,260,1
255,250,1
255,333,1
255,298,1
255,50,1
255,181,1
255,127,1
255,331,1
255,363,1
89,116,1
89,285,1
89,286,1
89,319,1
89,274,1
89,70,1
89,255,1
89,408,1
89,276,1
89,19,1
140,300,1
140,269,1
140,748,1
140,328,1
140,323,1
140,690,1
140,326,1
140,313,1
140,333,1
140,242,1
190,323,1
190,307,1
190,678,1
190,286,1
190,298,1
190,271,1
190,322,1
190,332,1
190,260,1
190,50,1
24,50,1
24,181,1
24,174,1
24,1,1
24,172,1
24,204,1
24,210,1
24,168,1
24,22,1
24,28,1
17,50,1
17,127,1
17,258,1
17,275,1
17,181,1
17,121,1
17,15,1
17,257,1
17,515,1
17,288,1
313,510,1
313,429,1
313,294,1
313,705,1
313,434,1
313,227,1
313,679,1
313,491,1
313,378,1
313,530,1
53,1,1
53,222,1
53,117,1
53,127,1
53,237,1
53,405,1
53,276,1
53,9,1
53,742,1
53,294,1
124,56,1
124,183,1
124,210,1
124,204,1
124,176,1
124,89,1
124,64,1
124,22,1
124,357,1
124,69,1
149,690,1
149,315,1
149,347,1
149,307,1
149,270,1
149,288,1
149,751,1
149,750,1
149,271,1
149,748,1
176,302,1
176,269,1
176,300,1
176,301,1
176,313,1
176,333,1
176,748,1
176,346,1
176,1,1
176,124,1
106,283,1
106,462,1
106,83,1
106,237,1
106,531,1
106,276,1
106,509,1
106,707,1
106,197,1
106,215,1
312,504,1
312,497,1
312,492,1
312,517,1
312,523,1
312,135,1
312,86,1
312,650,1
312,582,1
312,527,1
175,174,1
175,79,1
175,204,1
175,318,1
175,357,1
175,168,1
175,22,1
175,69,1
175,210,1
175,173,1
153,286,1
153,288,1
153,300,1
153,748,1
153,100,1
153,98,1
153,289,1
153,313,1
153,269,1
153,328,1
220,302,1
220,313,1
220,748,1
220,328,1
220,327,1
220,690,1
220,245,1
220,271,1
220,307,1
220,270,1
143,300,1
143,748,1
143,245,1
143,302,1
143,332,1
143,269,1
143,327,1
143,751,1
143,289,1
143,301,1
199,300,1
199,289,1
199,288,1
199,748,1
199,319,1
199,50,1
199,321,1
199,127,1
199,181,1
199,275,1
202,50,1
202,127,1
202,100,1
202,294,1
202,181,1
202,174,1
202,514,1
202,56,1
202,194,1
202,98,1
277,475,1
277,118,1
277,222,1
277,125,1
277,546,1
277,298,1
277,275,1
277,13,1
277,127,1
277,150,1
206,347,1
206,311,1
206,305,1
206,312,1
206,345,1
206,751,1
206,270,1
206,316,1
206,344,1
206,301,1
76,475,1
76,268,1
76,1073,1
76,246,1
76,302,1
76,171,1
76,124,1
76,32,1
76,179,1
76,198,1
314,369,1
314,51,1
314,553,1
314,732,1
314,720,1
314,356,1
314,977,1
314,1119,1
314,728,1
314,864,1
136,50,1
136,181,1
136,285,1
136,1,1
136,294,1
136,7,1
136,222,1
136,288,1
136,508,1
136,289,1
179,312,1
179,343,1
179,689,1
179,311,1
179,344,1
179,332,1
179,327,1
179,270,1
179,328,1
179,898,1
4,313,1
4,333,1
4,302,1
4,272,1
4,748,1
4,751,1
4,286,1
4,307,1
4,343,1
4,332,1
304,258,1
304,748,1
304,245,1
304,289,1
304,678,1
304,333,1
304,307,1
304,301,1
304,326,1
304,751,1
3,682,1
3,895,1
3,313,1
3,751,1
3,315,1
3,750,1
3,879,1
3,690,1
3,689,1
3,270,1
227,237,1
227,508,1
227,1,1
227,275,1
227,257,1
227,151,1
227,111,1
227,283,1
227,222,1
227,246,1
252,285,1
252,237,1
252,222,1
252,515,1
252,127,1
252,121,1
252,50,1
252,151,1
252,25,1
252,283,1
212,357,1
212,174,1
212,64,1
212,462,1
212,170,1
212,12,1
212,173,1
212,582,1
212,531,1
212,56,1
310,286,1
310,269,1
310,100,1
310,1,1
310,285,1
310,283,1
310,319,1
310,25,1
310,237,1
310,289,1
35,323,1
35,245,1
35,286,1
35,294,1
35,289,1
35,304,1
35,288,1
35,690,1
35,292,1
35,988,1
147,300,1
147,306,1
147,328,1
147,315,1
147,303,1
147,268,1
147,289,1
147,272,1
147,321,1
147,333,1
105,300,1
105,328,1
105,332,1
105,245,1
105,326,1
105,301,1
105,294,1
105,331,1
105,750,1
105,315,1
34,300,1
34,313,1
34,328,1
34,307,1
34,302,1
34,333,1
34,258,1
34,269,1
34,326,1
34,301,1
71,127,1
71,258,1
71,1,1
71,294,1
71,7,1
71,269,1
71,9,1
71,288,1
71,515,1
71,137,1
51,174,1
51,56,1
51,98,1
51,204,1
51,357,1
51,79,1
51,168,1
51,195,1
51,183,1
51,22,1
204,319,1
204,289,1
204,294,1
204,313,1
204,690,1
204,328,1
204,306,1
204,327,1
204,326,1
204,272,1
315,50,1
315,174,1
315,179,1
315,172,1
315,357,1
315,89,1
315,181,1
315,64,1
315,514,1
315,182,1
31,269,1
31,286,1
31,657,1
31,603,1
31,242,1
31,327,1
31,482,1
31,513,1
31,288,1
31,258,1
316,86,1
316,528,1
316,511,1
316,322,1
316,527,1
316,258,1
316,194,1
316,135,1
316,294,1
316,12,1
103,100,1
103,1,1
103,237,1
103,258,1
103,7,1
103,15,1
103,288,1
103,286,1
103,276,1
103,151,1
318,202,1
318,173,1
318,168,1
318,153,1
318,111,1
318,274,1
318,28,1
318,496,1
318,172,1
318,367,1
30,300,1
30,288,1
30,748,1
30,269,1
30,328,1
30,323,1
30,268,1
30,245,1
30,302,1
30,322,1
120,222,1
120,100,1
120,181,1
120,7,1
120,151,1
120,294,1
120,276,1
120,471,1
120,300,1
120,275,1
46,258,1
46,269,1
46,302,1
46,268,1
46,301,1
46,340,1
46,751,1
46,289,1
46,271,1
46,323,1
289,118,1
289,546,1
289,597,1
289,25,1
289,235,1
289,472,1
289,257,1
289,237,1
289,476,1
289,240,1
209,319,1
209,268,1
209,302,1
209,294,1
209,288,1
209,300,1
209,289,1
209,340,1
209,313,1
209,748,1
261,323,1
261,258,1
261,286,1
261,328,1
261,289,1
261,678,1
261,313,1
261,269,1
261,333,1
261,307,1
88,269,1
88,328,1
88,272,1
88,340,1
88,303,1
88,307,1
88,347,1
88,310,1
88,258,1
88,332,1
9,258,1
9,127,1
9,269,1
9,100,1
9,300,1
9,181,1
9,289,1
9,288,1
9,515,1
9,321,1
247,286,1
247,294,1
247,313,1
247,288,1
247,748,1
247,289,1
247,301,1
247,268,1
247,302,1
247,328,1
321,528,1
321,482,1
321,582,1
321,285,1
321,318,1
321,427,1
321,509,1
321,165,1
321,192,1
321,661,1
266,258,1
266,294,1
266,269,1
266,300,1
266,288,1
266,748,1
266,50,1
266,127,1
266,181,1
266,302,1
74,286,1
74,748,1
74,269,1
74,289,1
74,50,1
74,323,1
74,181,1
74,321,1
74,127,1
74,678,1
238,15,1
238,1,1
238,25,1
238,117,1
238,222,1
238,50,1
238,100,1
238,275,1
238,742,1
238,274,1
319,328,1
319,300,1
319,327,1
319,690,1
319,326,1
319,258,1
319,245,1
319,272,1
319,748,1
319,288,1
323,276,1
323,1,1
323,237,1
323,12,1
323,591,1
323,748,1
323,124,1
323,302,1
323,318,1
323,129,1
67,118,1
67,410,1
67,763,1
67,411,1
67,742,1
67,926,1
67,597,1
67,257,1
67,476,1
67,1028,1
211,294,1
211,322,1
211,258,1
211,50,1
211,243,1
211,323,1
211,288,1
211,748,1
211,289,1
211,100,1
98,663,1
98,50,1
98,430,1
98,269,1
98,153,1
98,319,1
98,238,1
98,242,1
98,169,1
98,204,1
12,22,1
12,173,1
12,64,1
12,210,1
12,79,1
12,423,1
12,56,1
12,357,1
12,181,1
12,197,1
40,313,1
40,690,1
40,301,1
40,327,1
40,307,1
40,315,1
40,332,1
40,288,1
40,751,1
40,326,1
258,245,1
258,307,1
258,322,1
258,301,1
258,269,1
258,259,1
258,304,1
258,678,1
258,302,1
258,879,1
228,258,1
228,294,1
228,300,1
228,269,1
228,289,1
228,302,1
228,268,1
228,748,1
228,301,1
228,328,1
325,603,1
325,56,1
325,89,1
325,515,1
325,209,1
325,194,1
325,663,1
325,657,1
325,153,1
325,173,1
320,1016,1
320,455,1
320,181,1
320,273,1
320,218,1
320,227,1
320,222,1
320,55,1
320,230,1
320,144,1
326,357,1
326,188,1
326,432,1
326,431,1
326,28,1
326,504,1
326,133,1
326,164,1
326,193,1
326,238,1
327,346,1
327,109,1
327,272,1
327,347,1
327,124,1
327,208,1
327,185,1
327,137,1
327,189,1
327,91,1
183,288,1
183,7,1
183,117,1
183,100,1
183,127,1
183,1,1
183,300,1
183,82,1
183,313,1
183,403,1
328,307,1
328,526,1
328,633,1
328,678,1
328,193,1
328,99,1
328,468,1
328,673,1
328,288,1
328,378,1
322,56,1
322,98,1
322,174,1
322,187,1
322,183,1
322,357,1
322,134,1
322,180,1
322,79,1
322,176,1
330,125,1
330,274,1
330,111,1
330,402,1
330,222,1
330,196,1
330,742,1
330,476,1
330,173,1
330,144,1
27,7,1
27,273,1
27,117,1
27,276,1
27,222,1
27,237,1
27,405,1
27,127,1
27,471,1
27,282,1
331,170,1
331,23,1
331,134,1
331,192,1
331,12,1
331,603,1
331,654,1
331,318,1
331,197,1
331,187,1
332,358,1
332,591,1
332,260,1
332,250,1
332,930,1
332,977,1
332,281,1
332,24,1
332,825,1
332,455,1
329,9,1
329,289,1
329,748,1
329,1,1
329,328,1
329,237,1
329,268,1
329,475,1
329,318,1
329,56,1
86,302,1
86,313,1
86,301,1
86,690,1
86,748,1
86,294,1
86,321,1
86,245,1
86,333,1
86,307,1
139,258,1
139,269,1
139,294,1
139,300,1
139,285,1
139,289,1
139,319,1
139,275,1
139,9,1
139,14,1
300,988,1
300,323,1
300,748,1
300,678,1
300,358,1
300,245,1
300,258,1
300,289,1
300,326,1
300,286,1
163,294,1
163,313,1
163,748,1
163,302,1
163,328,1
163,268,1
163,271,1
163,340,1
163,289,1
163,50,1
333,286,1
333,258,1
333,50,1
333,181,1
333,288,1
333,289,1
333,173,1
333,172,1
333,56,1
333,204,1
334,25,1
334,473,1
334,1,1
334,270,1
334,382,1
334,294,1
334,321,1
334,381,1
334,367,1
334,751,1
39,286,1
39,328,1
39,690,1
39,340,1
39,751,1
39,268,1
39,289,1
39,750,1
39,327,1
39,303,1
324,245,1
324,313,1
324,333,1
324,326,1
324,100,1
324,269,1
324,237,1
324,302,1
324,181,1
324,304,1
132,475,1
132,515,1
132,14,1
132,514,1
132,276,1
132,181,1
132,7,1
132,9,1
132,408,1
132,116,1
336,412,1
336,249,1
336,411,1
336,240,1
336,235,1
336,109,1
336,274,1
336,993,1
336,476,1
336,24,1
335,302,1
335,286,1
335,327,1
335,690,1
335,294,1
335,751,1
335,326,1
335,332,1
335,272,1
335,301,1
169,286,1
169,294,1
169,322,1
169,288,1
169,269,1
169,289,1
169,98,1
169,205,1
169,323,1
169,304,1
338,705,1
338,482,1
338,191,1
338,357,1
338,199,1
338,657,1
338,659,1
338,318,1
338,615,1
338,153,1
339,443,1
339,96,1
339,164,1
339,172,1
339,559,1
339,230,1
339,684,1
339,177,1
339,385,1
339,210,1
309,322,1
309,269,1
309,289,1
309,328,1
309,245,1
309,302,1
309,748,1
309,321,1
309,294,1
309,323,1
342,116,1
342,285,1
342,64,1
342,318,1
342,168,1
342,283,1
342,48,1
342,479,1
342,221,1
342,1142,1
340,168,1
340,210,1
340,69,1
340,216,1
340,496,1
340,202,1
340,194,1
340,28,1
340,132,1
340,419,1
317,333,1
317,307,1
317,332,1
317,327,1
317,258,1
317,690,1
317,302,1
317,751,1
317,343,1
317,358,1
341,332,1
341,689,1
341,326,1
341,879,1
341,327,1
341,307,1
341,331,1
341,343,1
341,333,1
341,264,1
343,151,1
343,70,1
343,181,1
343,509,1
343,190,1
343,212,1
343,129,1
343,273,1
343,91,1
343,182,1
344,15,1
344,257,1
344,318,1
344,282,1
344,591,1
344,475,1
344,294,1
344,150,1
344,300,1
344,531,1
345,276,1
345,531,1
345,591,1
345,275,1
345,421,1
345,475,1
345,735,1
345,83,1
345,1119,1
345,97,1
346,227,1
346,230,1
346,229,1
346,228,1
346,554,1
346,82,1
346,568,1
346,231,1
346,665,1
346,449,1
347,591,1
347,64,1
347,628,1
347,265,1
347,250,1
347,651,1
347,71,1
347,234,1
347,684,1
347,281,1
273,269,1
273,301,1
273,302,1
273,300,1
273,258,1
273,750,1
273,751,1
273,306,1
273,270,1
273,312,1
55,1,1
55,100,1
55,222,1
55,127,1
55,288,1
55,294,1
55,258,1
55,237,1
55,151,1
55,742,1
349,282,1
349,742,1
349,405,1
349,281,1
349,151,1
349,148,1
349,597,1
349,117,1
349,628,1
349,293,1
348,125,1
348,597,1
348,471,1
348,282,1
348,866,1
348,284,1
348,1047,1
348,257,1
348,274,1
348,281,1
354,514,1
354,517,1
354,923,1
354,340,1
354,663,1
354,301,1
354,482,1
354,813,1
354,302,1
354,179,1
351,690,1
351,315,1
351,333,1
351,272,1
351,259,1
351,302,1
351,331,1
351,347,1
351,316,1
351,269,1
358,170,1
358,462,1
358,242,1
358,165,1
358,86,1
358,531,1
358,60,1
358,923,1
358,212,1
358,198,1
352,168,1
352,64,1
352,22,1
352,357,1
352,204,1
352,187,1
352,185,1
352,318,1
352,11,1
352,180,1
360,9,1
360,276,1
360,289,1
360,294,1
360,318,1
360,300,1
360,322,1
360,12,1
360,462,1
360,288,1
363,268,1
363,53,1
363,92,1
363,219,1
363,475,1
363,324,1
363,447,1
363,327,1
363,33,1
363,421,1
355,302,1
355,327,1
355,333,1
355,313,1
355,690,1
355,269,1
355,331,1
355,340,1
355,326,1
355,258,1
362,307,1
362,286,1
362,326,1
362,690,1
362,327,1
362,271,1
362,269,1
362,301,1
362,751,1
362,289,1
357,15,1
357,282,1
357,9,1
357,281,1
357,25,1
357,148,1
357,257,1
357,756,1
357,276,1
357,717,1
356,690,1
356,245,1
356,323,1
356,301,1
356,751,1
356,332,1
356,269,1
356,302,1
356,289,1
356,750,1
361,137,1
361,191,1
361,153,1
361,169,1
361,116,1
361,127,1
361,174,1
361,181,1
361,175,1
361,382,1
365,286,1
365,300,1
365,313,1
365,257,1
365,255,1
365,111,1
365,748,1
365,302,1
365,50,1
365,181,1
350,56,1
350,357,1
350,79,1
350,474,1
350,194,1
350,96,1
350,180,1
350,234,1
350,22,1
350,318,1
367,358,1
367,271,1
367,325,1
367,264,1
367,327,1
367,273,1
367,447,1
367,455,1
367,127,1
367,260,1
368,665,1
368,675,1
368,200,1
368,109,1
368,455,1
368,271,1
368,444,1
368,324,1
368,185,1
368,452,1
371,56,1
371,172,1
371,168,1
371,173,1
371,195,1
371,96,1
371,89,1
371,28,1
371,144,1
371,318,1
373,692,1
373,584,1
373,419,1
373,662,1
373,8,1
373,73,1
373,86,1
373,72,1
373,501,1
373,582,1
370,194,1
370,127,1
370,286,1
370,483,1
370,357,1
370,197,1
370,479,1
370,191,1
370,482,1
370,474,1
374,1016,1
374,410,1
374,295,1
374,293,1
374,833,1
374,22,1
374,298,1
374,249,1
374,831,1
374,250,1
372,324,1
372,260,1
372,271,1
372,358,1
372,665,1
372,184,1
372,331,1
372,302,1
372,334,1
372,343,1
337,118,1
337,405,1
337,1,1
337,117,1
337,100,1
337,7,1
337,237,1
337,258,1
337,294,1
337,546,1
378,553,1
378,781,1
378,371,1
378,72,1
378,462,1
378,584,1
378,472,1
378,713,1
378,1119,1
378,378,1
366,567,1
366,441,1
366,665,1
366,444,1
366,674,1
366,109,1
366,670,1
366,145,1
366,636,1
366,590,1
377,300,1
377,343,1
377,327,1
377,302,1
377,286,1
377,333,1
377,50,1
377,340,1
377,346,1
377,269,1
375,665,1
375,53,1
375,55,1
375,184,1
375,200,1
375,92,1
375,260,1
375,11,1
375,226,1
375,431,1
359,288,1
359,258,1
359,294,1
359,100,1
359,222,1
359,300,1
359,127,1
359,257,1
359,237,1
359,151,1
379,228,1
379,258,1
379,269,1
379,154,1
379,432,1
379,515,1
379,209,1
379,229,1
379,70,1
379,169,1
380,511,1
380,510,1
380,82,1
380,83,1
380,528,1
380,432,1
380,173,1
380,191,1
380,52,1
380,70,1
381,286,1
381,275,1
381,86,1
381,736,1
381,258,1
381,237,1
381,213,1
381,9,1
381,300,1
381,181,1
385,517,1
385,109,1
385,154,1
385,137,1
385,513,1
385,179,1
385,116,1
385,475,1
385,709,1
385,124,1
382,124,1
382,181,1
382,1,1
382,515,1
382,273,1
382,129,1
382,237,1
382,12,1
382,222,1
382,117,1
387,234,1
387,185,1
387,443,1
387,124,1
387,164,1
387,433,1
387,150,1
387,654,1
387,1073,1
387,17,1
364,258,1
364,242,1
364,322,1
364,300,1
364,748,1
364,301,1
364,328,1
364,245,1
364,304,1
364,303,1
369,269,1
369,258,1
369,288,1
369,286,1
369,294,1
369,302,1
369,300,1
369,327,1
369,340,1
369,301,1
388,748,1
388,271,1
388,50,1
388,7,1
388,181,1
388,358,1
388,222,1
388,127,1
388,286,1
388,260,1
386,100,1
386,1,1
386,742,1
386,151,1
386,237,1
386,257,1
386,9,1
386,282,1
386,250,1
386,15,1
389,659,1
389,648,1
389,473,1
389,432,1
389,163,1
389,655,1
389,692,1
389,443,1
389,476,1
389,417,1
383,269,1
383,170,1
383,318,1
383,191,1
383,511,1
383,194,1
383,127,1
383,174,1
383,482,1
383,187,1
390,294,1
390,269,1
390,748,1
390,245,1
390,322,1
390,321,1
390,313,1
390,288,1
390,323,1
390,301,1
393,1041,1
393,140,1
393,678,1
393,63,1
393,401,1
393,155,1
393,768,1
393,225,1
393,300,1
393,43,1
392,301,1
392,100,1
392,242,1
392,322,1
392,603,1
392,479,1
392,137,1
392,514,1
392,124,1
392,327,1
376,286,1
376,50,1
376,294,1
376,127,1
376,258,1
376,1,1
376,300,1
376,276,1
376,319,1
376,9,1
394,231,1
394,17,1
394,219,1
394,2,1
394,53,1
394,234,1
394,94,1
394,240,1
394,95,1
394,200,1
391,79,1
391,192,1
391,183,1
391,185,1
391,172,1
391,528,1
391,135,1
391,223,1
391,496,1
391,423,1
398,419,1
398,143,1
398,238,1
398,210,1
398,136,1
398,98,1
398,527,1
398,151,1
398,195,1
398,99,1
397,258,1
397,98,1
397,294,1
397,603,1
397,269,1
397,187,1
397,185,1
397,180,1
397,300,1
397,79,1
399,159,1
399,739,1
399,4,1
399,51,1
399,685,1
399,70,1
399,92,1
399,294,1
399,449,1
399,562,1
396,685,1
396,748,1
396,294,1
396,258,1
396,298,1
396,147,1
396,15,1
396,7,1
396,284,1
396,273,1
401,15,1
401,300,1
401,283,1
401,8,1
401,427,1
401,845,1
401,274,1
401,28,1
401,423,1
401,255,1
402,121,1
402,508,1
402,14,1
402,283,1
402,285,1
402,405,1
402,282,1
402,742,1
402,284,1
402,294,1
384,307,1
384,326,1
384,245,1
384,690,1
384,323,1
384,332,1
384,288,1
384,294,1
384,301,1
384,322,1
395,294,1
395,222,1
395,117,1
395,405,1
395,323,1
395,7,1
395,125,1
395,742,1
395,25,1
395,678,1
353,307,1
353,751,1
353,302,1
353,690,1
353,288,1
353,748,1
353,347,1
353,310,1
353,879,1
353,269,1
403,742,1
403,15,1
403,125,1
403,25,1
403,281,1
403,273,1
403,628,1
403,250,1
403,298,1
403,596,1
405,242,1
405,167,1
405,166,1
405,165,1
405,1411,1
405,145,1
405,636,1
405,155,1
405,631,1
405,809,1
400,245,1
400,333,1
400,302,1
400,289,1
400,326,1
400,322,1
400,751,1
400,272,1
400,271,1
400,678,1
406,200,1
406,484,1
406,525,1
406,530,1
406,603,1
406,192,1
406,473,1
406,708,1
406,118,1
406,659,1
407,79,1
407,451,1
407,419,1
407,109,1
407,435,1
407,164,1
407,367,1
407,501,1
407,22,1
407,431,1
409,513,1
409,269,1
409,302,1
409,319,1
409,242,1
409,194,1
409,507,1
409,517,1
409,519,1
409,185,1
404,326,1
404,322,1
404,751,1
404,315,1
404,304,1
404,271,1
404,682,1
404,292,1
404,358,1
404,316,1
413,294,1
413,288,1
413,748,1
413,313,1
413,127,1
413,268,1
413,323,1
413,322,1
413,1,1
413,319,1
416,715,1
416,1047,1
416,280,1
416,40,1
416,26,1
416,751,1
416,716,1
416,722,1
416,756,1
416,243,1
408,269,1
408,333,1
408,690,1
408,301,1
408,307,1
408,340,1
408,268,1
408,245,1
408,326,1
408,289,1
410,301,1
410,751,1
410,750,1
410,310,1
410,307,1
410,333,1
410,332,1
410,302,1
410,326,1
410,327,1
411,173,1
411,204,1
411,69,1
411,98,1
411,216,1
411,423,1
411,97,1
411,96,1
411,64,1
411,82,1
417,53,1
417,554,1
417,233,1
417,2,1
417,38,1
417,227,1
417,229,1
417,739,1
417,569,1
417,566,1
412,98,1
412,79,1
412,168,1
412,210,1
412,204,1
412,183,1
412,89,1
412,176,1
412,22,1
412,69,1
420,269,1
420,242,1
420,258,1
420,515,1
420,321,1
420,289,1
420,294,1
420,50,1
420,303,1
420,268,1
422,455,1
422,121,1
422,405,1
422,118,1
422,298,1
422,24,1
422,831,1
422,546,1
422,597,1
422,508,1
425,260,1
425,264,1
425,268,1
425,328,1
425,665,1
425,245,1
425,331,1
425,182,1
425,270,1
425,164,1
419,127,1
419,294,1
419,515,1
419,258,1
419,523,1
419,194,1
419,98,1
419,483,1
419,56,1
419,603,1
415,286,1
415,294,1
415,300,1
415,50,1
415,288,1
415,98,1
415,127,1
415,357,1
415,172,1
415,318,1
423,288,1
423,332,1
423,331,1
423,294,1
423,289,1
423,271,1
423,301,1
423,260,1
423,895,1
423,343,1
429,135,1
429,9,1
429,447,1
429,239,1
429,509,1
429,451,1
429,715,1
429,215,1
429,175,1
429,402,1
428,328,1
428,333,1
428,327,1
428,748,1
428,258,1
428,682,1
428,270,1
428,689,1
428,292,1
428,304,1
427,326,1
427,259,1
427,269,1
427,690,1
427,323,1
427,301,1
427,321,1
427,748,1
427,242,1
427,243,1
418,272,1
418,751,1
418,307,1
418,690,1
418,271,1
418,286,1
418,340,1
418,347,1
418,748,1
418,343,1
424,748,1
424,322,1
424,269,1
424,328,1
424,313,1
424,321,1
424,678,1
424,245,1
424,181,1
424,301,1
432,25,1
432,125,1
432,9,1
432,597,1
432,147,1
432,127,1
432,273,1
432,235,1
432,476,1
432,252,1
421,23,1
421,357,1
421,195,1
421,168,1
421,181,1
421,134,1
421,180,1
421,288,1
421,654,1
421,483,1
435,231,1
435,233,1
435,232,1
435,739,1
435,99,1
435,77,1
435,449,1
435,94,1
435,241,1
435,145,1
433,258,1
433,288,1
433,289,1
433,127,1
433,100,1
433,324,1
433,328,1
433,327,1
433,321,1
433,181,1
426,604,1
426,479,1
426,520,1
426,498,1
426,523,1
426,1050,1
426,495,1
426,497,1
426,507,1
426,499,1
436,77,1
436,71,1
436,82,1
436,421,1
436,588,1
436,4,1
436,403,1
436,385,1
436,684,1
436,69,1
430,475,1
430,1,1
430,14,1
430,408,1
430,508,1
430,269,1
430,285,1
430,919,1
430,257,1
430,268,1
434,282,1
434,742,1
434,866,1
434,1047,1
434,284,1
434,25,1
434,405,1
434,597,1
434,1028,1
434,255,1
437,382,1
437,175,1
437,509,1
437,209,1
437,4,1
437,367,1
437,631,1
437,792,1
437,169,1
437,198,1
438,275,1
438,25,1
438,125,1
438,117,1
438,294,1
438,222,1
438,151,1
438,405,1
438,111,1
438,742,1
431,258,1
431,313,1
431,326,1
431,288,1
431,289,1
431,333,1
431,678,1
431,301,1
431,259,1
431,304,1
442,201,1
442,24,1
442,50,1
442,183,1
442,455,1
442,250,1
442,109,1
442,200,1
442,431,1
442,233,1
440,303,1
440,286,1
440,306,1
440,269,1
440,268,1
440,302,1
440,301,1
440,321,1
440,289,1
440,292,1
445,129,1
445,250,1
445,455,1
445,260,1
445,264,1
445,24,1
445,282,1
445,109,1
445,240,1
445,124,1
447,273,1
447,240,1
447,628,1
447,250,1
447,127,1
447,763,1
447,249,1
447,64,1
447,172,1
447,475,1
449,744,1
449,124,1
449,20,1
449,129,1
449,221,1
449,10,1
449,116,1
449,19,1
449,275,1
449,283,1
450,404,1
450,420,1
450,72,1
450,473,1
450,755,1
450,8,1
450,40,1
450,289,1
450,21,1
450,486,1
446,313,1
446,333,1
446,258,1
446,272,1
446,323,1
446,331,1
446,315,1
446,750,1
446,751,1
446,271,1
439,258,1
439,286,1
439,1,1
439,50,1
439,294,1
439,222,1
439,181,1
439,117,1
439,9,1
439,127,1
451,347,1
451,340,1
451,310,1
451,316,1
451,339,1
451,689,1
451,315,1
451,346,1
451,271,1
451,538,1
452,357,1
452,511,1
452,705,1
452,56,1
452,238,1
452,205,1
452,484,1
452,133,1
452,28,1
452,657,1
454,699,1
454,294,1
454,495,1
454,127,1
454,499,1
454,216,1
454,609,1
454,304,1
454,9,1
454,205,1
453,173,1
453,249,1
453,96,1
453,121,1
453,216,1
453,28,1
453,195,1
453,161,1
453,405,1
453,240,1
414,327,1
414,333,1
414,271,1
414,268,1
414,286,1
414,328,1
414,751,1
414,307,1
414,269,1
414,332,1
455,294,1
455,151,1
455,111,1
455,742,1
455,272,1
455,268,1
455,328,1
455,83,1
455,274,1
455,86,1
444,294,1
444,288,1
444,302,1
444,289,1
444,301,1
444,333,1
444,690,1
444,323,1
444,268,1
444,321,1
448,347,1
448,315,1
448,311,1
448,313,1
448,272,1
448,751,1
448,346,1
448,306,1
448,300,1
448,690,1
457,274,1
457,153,1
457,71,1
457,684,1
457,95,1
457,273,1
457,281,1
457,735,1
457,24,1
457,2,1
456,156,1
456,11,1
456,55,1
456,1073,1
456,89,1
456,176,1
456,203,1
456,96,1
456,183,1
456,64,1
458,479,1
458,462,1
458,508,1
458,223,1
458,15,1
458,471,1
458,480,1
458,628,1
458,151,1
458,111,1
462,294,1
462,258,1
462,748,1
462,286,1
462,333,1
462,245,1
462,307,1
462,879,1
462,751,1
462,301,1
459,237,1
459,288,1
459,845,1
459,118,1
459,276,1
459,284,1
459,763,1
459,591,1
459,476,1
459,151,1
460,269,1
460,475,1
460,319,1
460,268,1
460,116,1
460,237,1
460,300,1
460,508,1
460,277,1
460,748,1
461,286,1
461,300,1
461,288,1
461,289,1
461,301,1
461,268,1
461,328,1
461,245,1
461,306,1
461,340,1
467,508,1
467,121,1
467,129,1
467,250,1
467,151,1
467,237,1
467,405,1
467,286,1
467,9,1
467,294,1
468,276,1
468,151,1
468,168,1
468,79,1
468,28,1
468,179,1
468,202,1
468,210,1
468,186,1
468,483,1
466,343,1
466,271,1
466,751,1
466,272,1
466,347,1
466,340,1
466,358,1
466,270,1
466,307,1
466,338,1
472,399,1
472,926,1
472,1016,1
472,184,1
472,627,1
472,144,1
472,451,1
472,820,1
472,159,1
472,164,1
465,514,1
465,523,1
465,483,1
465,435,1
465,168,1
465,211,1
465,197,1
465,204,1
465,238,1
465,173,1
463,255,1
463,289,1
463,287,1
463,9,1
463,294,1
463,293,1
463,300,1
463,815,1
463,321,1
463,245,1
471,625,1
471,755,1
471,419,1
471,118,1
471,451,1
471,142,1
471,739,1
471,1035,1
471,405,1
471,402,1
474,133,1
474,632,1
474,1,1
474,162,1
474,10,1
474,223,1
474,631,1
474,125,1
474,443,1
474,673,1
469,514,1
469,482,1
469,604,1
469,523,1
469,661,1
469,479,1
469,519,1
469,657,1
469,528,1
469,205,1
464,323,1
464,245,1
464,100,1
464,313,1
464,268,1
464,304,1
464,243,1
464,327,1
464,690,1
464,988,1
476,154,1
476,189,1
476,153,1
476,395,1
476,169,1
476,269,1
476,722,1
476,172,1
476,364,1
476,577,1
478,173,1
478,210,1
478,172,1
478,174,1
478,56,1
478,4,1
478,186,1
478,423,1
478,22,1
478,8,1
473,286,1
473,100,1
473,269,1
473,408,1
473,19,1
473,919,1
473,258,1
473,13,1
473,93,1
473,50,1
470,121,1
470,151,1
470,237,1
470,25,1
470,117,1
470,405,1
470,14,1
470,24,1
470,275,1
470,127,1
480,514,1
480,286,1
480,194,1
480,357,1
480,269,1
480,168,1
480,435,1
480,173,1
480,523,1
480,318,1
441,258,1
441,286,1
441,748,1
441,323,1
441,50,1
441,328,1
441,181,1
441,289,1
441,269,1
441,245,1
479,98,1
479,56,1
479,7,1
479,64,1
479,12,1
479,69,1
479,11,1
479,132,1
479,427,1
479,191,1
484,118,1
484,546,1
484,288,1
484,100,1
484,403,1
484,402,1
484,282,1
484,380,1
484,127,1
484,77,1
486,1012,1
486,1009,1
486,676,1
486,340,1
486,410,1
486,847,1
486,815,1
486,1008,1
486,126,1
486,249,1
487,159,1
487,54,1
487,421,1
487,147,1
487,51,1
487,241,1
487,693,1
487,233,1
487,328,1
487,655,1
482,300,1
482,323,1
482,302,1
482,333,1
482,322,1
482,678,1
482,326,1
482,268,1
482,307,1
482,327,1
481,194,1
481,174,1
481,168,1
481,357,1
481,172,1
481,523,1
481,483,1
481,56,1
481,64,1
481,69,1
492,170,1
492,357,1
492,194,1
492,180,1
492,191,1
492,197,1
492,427,1
492,23,1
492,603,1
492,174,1
493,64,1
493,144,1
493,276,1
493,294,1
493,23,1
493,508,1
493,187,1
493,185,1
493,28,1
493,200,1
490,121,1
490,276,1
490,25,1
490,13,1
490,405,1
490,508,1
490,129,1
490,235,1
490,408,1
490,742,1
489,690,1
489,877,1
489,305,1
489,344,1
489,329,1
489,262,1
489,350,1
489,242,1
489,336,1
489,345,1
483,100,1
483,294,1
483,300,1
483,288,1
483,7,1
483,117,1
483,127,1
483,25,1
483,15,1
483,118,1
496,82,1
496,568,1
496,403,1
496,161,1
496,588,1
496,385,1
496,241,1
496,230,1
496,91,1
496,71,1
494,275,1
494,258,1
494,276,1
494,318,1
494,288,1
494,988,1
494,515,1
494,243,1
494,257,1
494,56,1
495,443,1
495,164,1
495,554,1
495,99,1
495,436,1
495,588,1
495,399,1
495,38,1
495,625,1
495,177,1
477,283,1
477,476,1
477,934,1
477,278,1
477,949,1
477,845,1
477,220,1
477,1047,1
477,762,1
477,412,1
497,554,1
497,401,1
497,576,1
497,1188,1
497,219,1
497,88,1
497,158,1
497,235,1
497,732,1
497,117,1
488,427,1
488,194,1
488,423,1
488,435,1
488,204,1
488,195,1
488,313,1
488,603,1
488,479,1
488,272,1
498,129,1
498,654,1
498,200,1
498,198,1
498,324,1
498,209,1
498,357,1
498,511,1
498,55,1
498,96,1
499,286,1
499,269,1
499,294,1
499,603,1
499,302,1
499,134,1
499,197,1
499,172,1
499,187,1
499,480,1
491,515,1
491,137,1
491,50,1
491,9,1
491,276,1
491,269,1
491,275,1
491,181,1
491,302,1
491,242,1
500,14,1
500,137,1
500,127,1
500,124,1
500,86,1
500,508,1
500,382,1
500,248,1
500,20,1
500,26,1
502,326,1
502,322,1
502,332,1
502,245,1
502,748,1
502,331,1
502,690,1
502,292,1
502,327,1
502,689,1
503,515,1
503,9,1
503,462,1
503,170,1
503,179,1
503,276,1
503,191,1
503,222,1
503,151,1
503,511,1
504,472,1
504,566,1
504,378,1
504,229,1
504,501,1
504,380,1
504,227,1
504,230,1
504,405,1
504,679,1
505,318,1
505,28,1
505,215,1
505,323,1
505,286,1
505,196,1
505,64,1
505,699,1
505,143,1
505,288,1
506,22,1
506,98,1
506,185,1
506,357,1
506,64,1
506,180,1
506,318,1
506,527,1
506,483,1
506,427,1
443,288,1
443,300,1
443,302,1
443,328,1
443,326,1
443,268,1
443,322,1
443,289,1
443,690,1
443,331,1
507,286,1
507,326,1
507,289,1
507,301,1
507,259,1
507,358,1
507,322,1
507,332,1
507,327,1
507,331,1
514,286,1
514,8,1
514,56,1
514,238,1
514,288,1
514,300,1
514,82,1
514,496,1
514,692,1
514,427,1
508,56,1
508,89,1
508,202,1
508,28,1
508,496,1
508,265,1
508,135,1
508,169,1
508,22,1
508,4,1
511,327,1
511,307,1
511,332,1
511,331,1
511,326,1
511,328,1
511,302,1
511,751,1
511,879,1
511,272,1
515,245,1
515,333,1
515,301,1
515,272,1
515,751,1
515,879,1
515,331,1
515,678,1
515,316,1
515,327,1
512,288,1
512,294,1
512,127,1
512,181,1
512,300,1
512,100,1
512,98,1
512,174,1
512,748,1
512,79,1
513,1,1
513,100,1
513,294,1
513,7,1
513,237,1
513,151,1
513,288,1
513,15,1
513,300,1
513,742,1
475,300,1
475,294,1
475,301,1
475,288,1
475,268,1
475,748,1
475,289,1
475,328,1
475,340,1
475,319,1
523,283,1
523,275,1
523,381,1
523,319,1
523,709,1
523,137,1
523,13,1
523,111,1
523,88,1
523,428,1
518,15,1
518,282,1
518,293,1
518,597,1
518,281,1
518,111,1
518,148,1
518,257,1
518,274,1
518,756,1
509,286,1
509,748,1
509,313,1
509,323,1
509,322,1
509,269,1
509,333,1
509,678,1
509,259,1
509,304,1
516,258,1
516,127,1
516,100,1
516,294,1
516,174,1
516,56,1
516,288,1
516,98,1
516,300,1
516,269,1
510,328,1
510,307,1
510,879,1
510,332,1
510,331,1
510,304,1
510,690,1
510,302,1
510,988,1
510,327,1
524,9,1
524,10,1
524,121,1
524,86,1
524,99,1
524,631,1
524,509,1
524,190,1
524,1,1
524,427,1
501,742,1
501,250,1
501,1012,1
501,123,1
501,235,1
501,246,1
501,455,1
501,1,1
501,240,1
501,1016,1
525,117,1
525,471,1
525,9,1
525,222,1
525,546,1
525,284,1
525,50,1
525,298,1
525,273,1
525,275,1
521,98,1
521,82,1
521,234,1
521,200,1
521,588,1
521,4,1
521,24,1
521,55,1
521,218,1
521,164,1
520,258,1
520,748,1
520,313,1
520,301,1
520,304,1
520,328,1
520,288,1
520,323,1
520,245,1
520,321,1
519,347,1
519,343,1
519,689,1
519,307,1
519,331,1
519,316,1
519,310,1
519,315,1
519,272,1
519,270,1
528,172,1
528,98,1
528,22,1
528,195,1
528,318,1
528,64,1
528,357,1
528,96,1
528,28,1
528,183,1
532,328,1
532,678,1
532,323,1
532,288,1
532,294,1
532,748,1
532,245,1
532,260,1
532,243,1
532,322,1
530,318,1
530,69,1
530,173,1
530,194,1
530,216,1
530,22,1
530,28,1
530,127,1
530,427,1
530,79,1
531,328,1
531,326,1
531,307,1
531,322,1
531,301,1
531,333,1
531,258,1
531,304,1
531,294,1
531,269,1
529,302,1
529,313,1
529,748,1
529,879,1
529,272,1
529,289,1
529,678,1
529,750,1
529,751,1
529,303,1
517,288,1
517,286,1
517,121,1
517,313,1
517,257,1
517,15,1
517,118,1
517,151,1
517,100,1
517,323,1
527,654,1
527,483,1
527,194,1
527,98,1
527,480,1
527,523,1
527,484,1
527,198,1
527,521,1
527,89,1
485,300,1
485,258,1
485,690,1
485,340,1
485,333,1
485,315,1
485,268,1
485,751,1
485,327,1
485,272,1
533,7,1
533,79,1
533,173,1
533,515,1
533,238,1
533,235,1
533,153,1
533,86,1
533,628,1
533,137,1
535,462,1
535,582,1
535,509,1
535,528,1
535,191,1
535,531,1
535,23,1
535,647,1
535,124,1
535,12,1
536,451,1
536,739,1
536,99,1
536,161,1
536,393,1
536,173,1
536,162,1
536,216,1
536,202,1
536,732,1
526,286,1
526,268,1
526,289,1
526,340,1
526,327,1
526,237,1
526,117,1
526,257,1
526,9,1
526,222,1
537,316,1
537,531,1
537,505,1
537,631,1
537,589,1
537,223,1
537,160,1
537,9,1
537,248,1
537,696,1
534,257,1
534,298,1
534,100,1
534,222,1
534,250,1
534,293,1
534,9,1
534,123,1
534,281,1
534,284,1
541,739,1
541,451,1
541,94,1
541,692,1
541,25,1
541,125,1
541,1028,1
541,294,1
541,97,1
541,161,1
538,64,1
538,357,1
538,194,1
538,197,1
538,427,1
538,186,1
538,180,1
538,135,1
538,435,1
538,8,1
542,216,1
542,153,1
542,174,1
542,4,1
542,154,1
542,79,1
542,710,1
542,762,1
542,98,1
542,144,1
545,56,1
545,294,1
545,288,1
545,2,1
545,559,1
545,184,1
545,625,1
545,200,1
545,432,1
545,186,1
539,514,1
539,191,1
539,318,1
539,213,1
539,194,1
539,216,1
539,173,1
539,435,1
539,70,1
539,86,1
547,300,1
547,286,1
547,272,1
547,690,1
547,750,1
547,288,1
547,268,1
547,307,1
547,748,1
547,327,1
543,475,1
543,127,1
543,100,1
543,50,1
543,382,1
543,173,1
543,182,1
543,181,1
543,213,1
543,286,1
548,260,1
548,455,1
548,508,1
548,895,1
548,299,1
548,685,1
548,879,1
548,148,1
548,125,1
548,123,1
546,358,1
546,260,1
546,678,1
546,333,1
546,748,1
546,264,1
546,327,1
546,323,1
546,331,1
546,324,1
522,357,1
522,194,1
522,174,1
522,483,1
522,187,1
522,64,1
522,56,1
522,474,1
522,603,1
522,98,1
551,1016,1
551,939,1
551,231,1
551,928,1
551,148,1
551,271,1
551,53,1
551,39,1
551,123,1
551,298,1
544,333,1
544,307,1
544,690,1
544,245,1
544,272,1
544,751,1
544,269,1
544,879,1
544,315,1
544,322,1
553,705,1
553,654,1
553,504,1
553,194,1
553,357,1
553,185,1
553,521,1
553,133,1
553,211,1
553,180,1
552,255,1
552,476,1
552,1028,1
552,276,1
552,597,1
552,546,1
552,9,1
552,763,1
552,685,1
552,298,1
540,237,1
540,288,1
540,118,1
540,151,1
540,282,1
540,546,1
540,298,1
540,748,1
540,255,1
540,284,1
554,471,1
554,25,1
554,127,1
554,64,1
554,257,1
554,97,1
554,210,1
554,685,1
554,255,1
554,143,1
550,286,1
550,289,1
550,245,1
550,678,1
550,322,1
550,100,1
550,269,1
550,127,1
550,988,1
550,117,1
556,269,1
556,322,1
556,258,1
556,357,1
556,514,1
556,174,1
556,194,1
556,56,1
556,289,1
556,50,1
559,172,1
559,173,1
559,357,1
559,168,1
559,98,1
559,79,1
559,135,1
559,286,1
559,64,1
559,603,1
560,276,1
560,117,1
560,150,1
560,475,1
560,273,1
560,124,1
560,1012,1
560,298,1
560,237,1
560,248,1
561,558,1
561,190,1
561,82,1
561,83,1
561,187,1
561,39,1
561,654,1
561,509,1
561,134,1
561,208,1
563,1,1
563,258,1
563,300,1
563,25,1
563,111,1
563,222,1
563,15,1
563,100,1
563,275,1
563,286,1
566,174,1
566,216,1
566,179,1
566,28,1
566,79,1
566,238,1
566,357,1
566,655,1
566,195,1
566,4,1
557,302,1
557,286,1
557,258,1
557,340,1
557,301,1
557,333,1
557,324,1
557,313,1
557,303,1
557,319,1
558,242,1
558,475,1
558,276,1
558,13,1
558,515,1
558,319,1
558,237,1
558,127,1
558,740,1
558,221,1
564,288,1
564,748,1
564,294,1
564,328,1
564,678,1
564,286,1
564,307,1
564,326,1
564,271,1
564,751,1
565,45,1
565,59,1
565,582,1
565,60,1
565,14,1
565,285,1
565,19,1
565,529,1
565,242,1
565,736,1
573,483,1
573,357,1
573,318,1
573,98,1
573,100,1
573,64,1
573,199,1
573,603,1
573,56,1
573,191,1
549,222,1
549,117,1
549,15,1
549,294,1
549,257,1
549,7,1
549,742,1
549,300,1
549,125,1
549,25,1
567,98,1
567,656,1
567,515,1
567,488,1
567,200,1
567,180,1
567,661,1
567,519,1
567,528,1
567,530,1
569,275,1
569,742,1
569,282,1
569,181,1
569,127,1
569,255,1
569,293,1
569,744,1
569,147,1
569,597,1
562,172,1
562,22,1
562,69,1
562,96,1
562,183,1
562,195,1
562,423,1
562,210,1
562,176,1
562,28,1
576,286,1
576,127,1
576,258,1
576,222,1
576,288,1
576,300,1
576,117,1
576,289,1
576,121,1
576,25,1
577,227,1
577,685,1
577,597,1
577,144,1
577,195,1
577,73,1
577,233,1
577,451,1
577,239,1
577,282,1
579,181,1
579,300,1
579,174,1
579,172,1
579,127,1
579,313,1
579,319,1
579,191,1
579,301,1
579,318,1
574,313,1
574,301,1
574,751,1
574,306,1
574,307,1
574,271,1
574,294,1
574,748,1
574,343,1
574,326,1
555,1,1
555,127,1
555,257,1
555,294,1
555,222,1
555,237,1
555,286,1
555,276,1
555,151,1
555,508,1
572,275,1
572,285,1
572,237,1
572,283,1
572,1,1
572,25,1
572,258,1
572,269,1
572,15,1
572,151,1
575,174,1
575,56,1
575,286,1
575,172,1
575,64,1
575,100,1
575,191,1
575,258,1
575,22,1
575,204,1
584,288,1
584,1,1
584,294,1
584,100,1
584,121,1
584,7,1
584,257,1
584,151,1
584,127,1
584,300,1
588,70,1
588,300,1
588,1035,1
588,241,1
588,549,1
588,274,1
588,229,1
588,418,1
588,90,1
588,38,1
587,299,1
587,751,1
587,346,1
587,898,1
587,538,1
587,344,1
587,329,1
587,754,1
587,683,1
587,354,1
568,514,1
568,513,1
568,657,1
568,170,1
568,654,1
568,507,1
568,705,1
568,484,1
568,517,1
568,528,1
586,55,1
586,5,1
586,685,1
586,546,1
586,597,1
586,98,1
586,684,1
586,24,1
586,7,1
586,1016,1
585,242,1
585,285,1
585,221,1
585,306,1
585,512,1
585,744,1
585,137,1
585,921,1
585,319,1
585,57,1
582,127,1
582,546,1
582,276,1
582,298,1
582,9,1
582,286,1
582,273,1
582,24,1
582,147,1
582,282,1
591,14,1
591,137,1
591,153,1
591,319,1
591,173,1
591,663,1
591,242,1
591,169,1
591,83,1
591,197,1
581,14,1
581,124,1
581,116,1
581,408,1
581,13,1
581,129,1
581,19,1
581,286,1
581,508,1
581,93,1
592,310,1
592,772,1
592,321,1
592,156,1
592,316,1
592,696,1
592,111,1
592,270,1
592,749,1
592,300,1
580,117,1
580,118,1
580,742,1
580,237,1
580,245,1
580,678,1
580,298,1
580,328,1
580,127,1
580,276,1
590,283,1
590,25,1
590,151,1
590,1,1
590,508,1
590,121,1
590,471,1
590,129,1
590,7,1
590,257,1
593,215,1
593,28,1
593,64,1
593,202,1
593,22,1
593,191,1
593,756,1
593,95,1
593,151,1
593,588,1
583,56,1
583,50,1
583,98,1
583,174,1
583,514,1
583,127,1
583,194,1
583,474,1
583,172,1
583,168,1
596,748,1
596,245,1
596,333,1
596,269,1
596,302,1
596,100,1
596,322,1
596,127,1
596,307,1
596,326,1
570,300,1
570,269,1
570,313,1
570,328,1
570,294,1
570,333,1
570,307,1
570,323,1
570,322,1
570,332,1
599,15,1
599,864,1
599,125,1
599,1047,1
599,742,1
599,1028,1
599,323,1
599,411,1
599,257,1
599,25,1
589,748,1
589,245,1
589,302,1
589,269,1
589,331,1
589,315,1
589,750,1
589,292,1
589,270,1
589,358,1
594,275,1
594,258,1
594,294,1
594,289,1
594,9,1
594,300,1
594,322,1
594,285,1
594,1,1
594,748,1
597,258,1
597,100,1
597,288,1
597,237,1
597,9,1
597,257,1
597,245,1
597,276,1
597,117,1
597,222,1
578,333,1
578,302,1
578,271,1
578,748,1
578,327,1
578,286,1
578,328,1
578,307,1
578,340,1
578,269,1
601,1,1
601,117,1
601,7,1
601,237,1
601,742,1
601,546,1
601,25,1
601,79,1
601,144,1
601,282,1
602,258,1
602,323,1
602,288,1
602,286,1
602,322,1
602,245,1
602,328,1
602,289,1
602,313,1
602,326,1
600,55,1
600,452,1
600,68,1
600,234,1
600,258,1
600,288,1
600,98,1
600,380,1
600,636,1
600,849,1
605,50,1
605,258,1
605,322,1
605,181,1
605,289,1
605,748,1
605,323,1
605,328,1
605,222,1
605,313,1
603,258,1
603,300,1
603,286,1
603,127,1
603,1,1
603,98,1
603,121,1
603,79,1
603,117,1
603,96,1
595,1012,1
595,248,1
595,257,1
595,150,1
595,249,1
595,147,1
595,7,1
595,276,1
595,117,1
595,123,1
606,742,1
606,597,1
606,318,1
606,218,1
606,182,1
606,496,1
606,252,1
606,276,1
606,143,1
606,240,1
608,272,1
608,302,1
608,191,1
608,313,1
608,315,1
608,12,1
608,531,1
608,173,1
608,511,1
608,347,1
607,285,1
607,14,1
607,286,1
607,514,1
607,170,1
607,127,1
607,269,1
607,116,1
607,515,1
607,283,1
610,174,1
610,22,1
610,69,1
610,64,1
610,357,1
610,173,1
610,300,1
610,181,1
610,191,1
610,132,1
611,327,1
611,343,1
611,316,1
611,270,1
611,271,1
611,895,1
611,310,1
611,332,1
611,312,1
611,682,1
617,657,1
617,525,1
617,654,1
617,474,1
617,513,1
617,152,1
617,23,1
617,514,1
617,484,1
617,205,1
618,402,1
618,58,1
618,732,1
618,405,1
618,274,1
618,284,1
618,742,1
618,157,1
618,228,1
618,546,1
614,15,1
614,151,1
614,118,1
614,742,1
614,125,1
614,471,1
614,282,1
614,222,1
614,257,1
614,111,1
609,286,1
609,300,1
609,269,1
609,289,1
609,748,1
609,301,1
609,321,1
609,323,1
609,328,1
609,322,1
615,242,1
615,318,1
615,531,1
615,321,1
615,258,1
615,165,1
615,174,1
615,173,1
615,64,1
615,511,1
616,332,1
616,690,1
616,751,1
616,310,1
616,271,1
616,682,1
616,270,1
616,340,1
616,259,1
616,294,1
620,472,1
620,597,1
620,405,1
620,546,1
620,222,1
620,117,1
620,748,1
620,229,1
620,258,1
620,685,1
571,318,1
571,180,1
571,483,1
571,134,1
571,238,1
571,479,1
571,56,1
571,197,1
571,514,1
571,168,1
619,271,1
619,358,1
619,748,1
619,260,1
619,678,1
619,343,1
619,895,1
619,7,1
619,222,1
619,751,1
613,286,1
613,100,1
613,9,1
613,181,1
613,322,1
613,276,1
613,174,1
613,357,1
613,294,1
613,98,1
622,151,1
622,179,1
622,238,1
622,576,1
622,566,1
622,237,1
622,186,1
622,25,1
622,234,1
622,265,1
621,288,1
621,294,1
621,258,1
621,403,1
621,358,1
621,210,1
621,29,1
621,56,1
621,90,1
621,550,1
604,436,1
604,219,1
604,675,1
604,665,1
604,109,1
604,176,1
604,53,1
604,455,1
604,17,1
604,50,1
624,289,1
624,1014,1
624,325,1
624,1011,1
624,9,1
624,332,1
624,284,1
624,476,1
624,287,1
624,322,1
612,50,1
612,294,1
612,181,1
612,257,1
612,222,1
612,121,1
612,151,1
612,286,1
612,125,1
612,258,1
627,31,1
627,54,1
627,356,1
627,462,1
627,265,1
627,159,1
627,223,1
627,770,1
627,203,1
627,38,1
623,1,1
623,100,1
623,257,1
623,168,1
623,174,1
623,98,1
623,56,1
623,294,1
623,173,1
623,172,1
628,286,1
628,269,1
628,328,1
628,748,1
628,313,1
628,289,1
628,322,1
628,245,1
628,323,1
628,321,1
625,127,1
625,1,1
625,98,1
625,56,1
625,194,1
625,318,1
625,435,1
625,79,1
625,153,1
625,69,1
629,318,1
629,313,1
629,272,1
629,302,1
629,79,1
629,531,1
629,748,1
629,289,1
629,28,1
629,96,1
633,181,1
633,174,1
633,127,1
633,22,1
633,258,1
633,100,1
633,11,1
633,7,1
633,222,1
633,294,1
632,265,1
632,89,1
632,216,1
632,496,1
632,121,1
632,200,1
632,117,1
632,135,1
632,230,1
632,427,1
631,300,1
631,328,1
631,333,1
631,258,1
631,751,1
631,302,1
631,748,1
631,327,1
631,690,1
631,326,1
634,257,1
634,298,1
634,151,1
634,291,1
634,255,1
634,148,1
634,250,1
634,295,1
634,289,1
634,123,1
639,736,1
639,531,1
639,463,1
639,45,1
639,190,1
639,529,1
639,699,1
639,318,1
639,8,1
639,319,1
630,284,1
630,274,1
630,591,1
630,763,1
630,1028,1
630,405,1
630,685,1
630,748,1
630,1016,1
630,678,1
642,781,1
642,1041,1
642,1035,1
642,692,1
642,167,1
642,161,1
642,239,1
642,274,1
642,576,1
642,866,1
637,276,1
637,284,1
637,126,1
637,298,1
637,597,1
637,281,1
637,628,1
637,748,1
637,458,1
637,288,1
640,268,1
640,288,1
640,172,1
640,258,1
640,216,1
640,327,1
640,69,1
640,246,1
640,28,1
640,294,1
626,322,1
626,300,1
626,326,1
626,245,1
626,690,1
626,307,1
626,269,1
626,331,1
626,271,1
626,301,1
643,175,1
643,151,1
643,109,1
643,433,1
643,265,1
643,135,1
643,164,1
643,182,1
643,64,1
643,431,1
598,328,1
598,307,1
598,333,1
598,272,1
598,332,1
598,326,1
598,315,1
598,245,1
598,271,1
598,288,1
638,56,1
638,7,1
638,1,1
638,79,1
638,173,1
638,200,1
638,164,1
638,423,1
638,28,1
638,474,1
635,258,1
635,288,1
635,286,1
635,313,1
635,289,1
635,245,1
635,678,1
635,321,1
635,322,1
635,340,1
644,288,1
644,678,1
644,245,1
644,286,1
644,304,1
644,1,1
644,9,1
644,313,1
644,15,1
644,222,1
636,237,1
636,151,1
636,286,1
636,405,1
636,117,1
636,50,1
636,181,1
636,7,1
636,257,1
636,294,1
645,187,1
645,12,1
645,603,1
645,176,1
645,238,1
645,511,1
645,79,1
645,204,1
645,156,1
645,153,1
648,100,1
648,257,1
648,409,1
648,243,1
648,993,1
648,866,1
648,871,1
648,597,1
648,237,1
648,163,1
647,50,1
647,181,1
647,1,1
647,100,1
647,172,1
647,98,1
647,127,1
647,210,1
647,56,1
647,204,1
650,436,1
650,448,1
650,418,1
650,616,1
650,465,1
650,241,1
650,142,1
650,28,1
650,300,1
650,675,1
651,258,1
651,300,1
651,289,1
651,319,1
651,321,1
651,748,1
651,288,1
651,313,1
651,328,1
651,304,1
654,7,1
654,762,1
654,125,1
654,150,1
654,202,1
654,235,1
654,763,1
654,471,1
654,815,1
654,127,1
653,568,1
653,554,1
653,95,1
653,71,1
653,218,1
653,443,1
653,31,1
653,173,1
653,29,1
653,231,1
655,277,1
655,10,1
655,473,1
655,506,1
655,952,1
655,1048,1
655,488,1
655,421,1
655,922,1
655,696,1
649,237,1
649,100,1
649,222,1
649,118,1
649,405,1
649,7,1
649,742,1
649,151,1
649,294,1
649,25,1
658,124,1
658,12,1
658,23,1
658,64,1
658,174,1
658,156,1
658,179,1
658,508,1
658,357,1
658,180,1
656,313,1
656,315,1
656,690,1
656,333,1
656,307,1
656,328,1
656,751,1
656,332,1
656,258,1
656,268,1
660,288,1
660,258,1
660,300,1
660,234,1
660,451,1
660,588,1
660,226,1
660,447,1
660,200,1
660,399,1
659,132,1
659,133,1
659,485,1
659,435,1
659,193,1
659,511,1
659,99,1
659,432,1
659,427,1
659,480,1
646,301,1
646,333,1
646,269,1
646,316,1
646,326,1
646,302,1
646,340,1
646,271,1
646,245,1
646,327,1
663,293,1
663,298,1
663,246,1
663,249,1
663,248,1
663,1012,1
663,1016,1
663,255,1
663,295,1
663,257,1
664,511,1
664,135,1
664,357,1
664,86,1
664,515,1
664,170,1
664,474,1
664,190,1
664,435,1
664,198,1
657,288,1
657,100,1
657,50,1
657,181,1
657,222,1
657,313,1
657,748,1
657,121,1
657,257,1
657,127,1
665,174,1
665,204,1
665,25,1
665,318,1
665,173,1
665,22,1
665,64,1
665,28,1
665,288,1
665,276,1
666,9,1
666,276,1
666,1,1
666,521,1
666,528,1
666,508,1
666,475,1
666,705,1
666,275,1
666,117,1
661,100,1
661,127,1
661,98,1
661,56,1
661,286,1
661,22,1
661,435,1
661,202,1
661,483,1
661,153,1
662,14,1
662,475,1
662,124,1
662,137,1
662,116,1
662,9,1
662,19,1
662,283,1
662,129,1
662,242,1
667,286,1
667,191,1
667,64,1
667,174,1
667,173,1
667,172,1
667,204,1
667,12,1
667,483,1
667,22,1
641,286,1
641,269,1
641,302,1
641,603,1
641,357,1
641,197,1
641,187,1
641,56,1
641,318,1
641,174,1
668,313,1
668,268,1
668,751,1
668,301,1
668,315,1
668,748,1
668,327,1
668,343,1
668,346,1
668,181,1
673,690,1
673,333,1
673,748,1
673,271,1
673,751,1
673,289,1
673,245,1
673,270,1
673,332,1
673,331,1
671,183,1
671,218,1
671,227,1
671,665,1
671,230,1
671,229,1
671,228,1
671,77,1
671,200,1
671,164,1
669,286,1
669,288,1
669,100,1
669,294,1
669,98,1
669,318,1
669,185,1
669,289,1
669,272,1
669,333,1
676,301,1
676,289,1
676,323,1
676,678,1
676,310,1
676,333,1
676,340,1
676,322,1
676,327,1
676,243,1
674,258,1
674,748,1
674,237,1
674,286,1
674,100,1
674,328,1
674,471,1
674,9,1
674,275,1
674,7,1
652,258,1
652,313,1
652,289,1
652,322,1
652,678,1
652,304,1
652,326,1
652,269,1
652,690,1
652,50,1
677,258,1
677,100,1
677,50,1
677,181,1
677,121,1
677,127,1
677,328,1
677,257,1
677,118,1
677,313,1
682,928,1
682,123,1
682,421,1
682,402,1
682,260,1
682,739,1
682,939,1
682,827,1
682,411,1
682,715,1
679,210,1
679,79,1
679,98,1
679,258,1
679,216,1
679,22,1
679,202,1
679,96,1
679,195,1
679,144,1
684,25,1
684,476,1
684,257,1
684,451,1
684,1047,1
684,405,1
684,255,1
684,222,1
684,815,1
684,739,1
685,268,1
685,258,1
685,690,1
685,300,1
685,313,1
685,271,1
685,270,1
685,307,1
685,303,1
685,301,1
683,333,1
683,751,1
683,310,1
683,343,1
683,750,1
683,326,1
683,689,1
683,338,1
683,260,1
683,292,1
691,194,1
691,174,1
691,357,1
691,483,1
691,523,1
691,172,1
691,435,1
691,134,1
691,187,1
691,180,1
672,1,1
672,111,1
672,257,1
672,151,1
672,283,1
672,274,1
672,100,1
672,121,1
672,125,1
672,222,1
692,50,1
692,111,1
692,255,1
692,15,1
692,181,1
692,237,1
692,275,1
692,274,1
692,276,1
692,283,1
690,173,1
690,172,1
690,50,1
690,732,1
690,181,1
690,151,1
690,423,1
690,28,1
690,195,1
690,367,1
689,100,1
689,288,1
689,294,1
689,127,1
689,742,1
689,286,1
689,276,1
689,546,1
689,9,1
689,25,1
686,183,1
686,195,1
686,96,1
686,483,1
686,69,1
686,496,1
686,423,1
686,132,1
686,210,1
686,238,1
693,22,1
693,31,1
693,203,1
693,182,1
693,511,1
693,89,1
693,510,1
693,526,1
693,265,1
693,200,1
688,328,1
688,690,1
688,310,1
688,333,1
688,272,1
688,313,1
688,315,1
688,300,1
688,689,1
688,323,1
697,258,1
697,678,1
697,289,1
697,293,1
697,313,1
697,255,1
697,117,1
697,147,1
697,248,1
697,508,1
698,514,1
698,604,1
698,523,1
698,197,1
698,98,1
698,484,1
698,318,1
698,136,1
698,661,1
698,520,1
670,194,1
670,357,1
670,435,1
670,523,1
670,172,1
670,204,1
670,496,1
670,211,1
670,427,1
670,514,1
694,136,1
694,478,1
694,633,1
694,162,1
694,479,1
694,234,1
694,443,1
694,99,1
694,588,1
694,186,1
680,127,1
680,181,1
680,275,1
680,237,1
680,222,1
680,475,1
680,258,1
680,508,1
680,283,1
680,111,1
705,294,1
705,237,1
705,402,1
705,125,1
705,88,1
705,742,1
705,739,1
705,258,1
705,380,1
705,748,1
701,258,1
701,294,1
701,301,1
701,288,1
701,748,1
701,302,1
701,321,1
701,245,1
701,319,1
701,268,1
699,508,1
699,293,1
699,257,1
699,237,1
699,289,1
699,284,1
699,248,1
699,295,1
699,628,1
699,282,1
704,482,1
704,483,1
704,194,1
704,705,1
704,357,1
704,199,1
704,479,1
704,174,1
704,427,1
704,511,1
707,709,1
707,213,1
707,277,1
707,497,1
707,494,1
707,1115,1
707,512,1
707,463,1
707,1020,1
707,516,1
700,172,1
700,204,1
700,64,1
700,210,1
700,357,1
700,69,1
700,22,1
700,194,1
700,216,1
700,195,1
687,258,1
687,328,1
687,302,1
687,333,1
687,289,1
687,690,1
687,301,1
687,326,1
687,327,1
687,322,1
695,327,1
695,272,1
695,315,1
695,347,1
695,690,1
695,751,1
695,269,1
695,258,1
695,271,1
695,750,1
675,302,1
675,268,1
675,340,1
675,319,1
675,301,1
675,690,1
675,313,1
675,315,1
675,289,1
675,327,1
708,323,1
708,245,1
708,815,1
708,288,1
708,257,1
708,286,1
708,301,1
708,282,1
708,243,1
708,259,1
709,184,1
709,55,1
709,24,1
709,156,1
709,188,1
709,201,1
709,455,1
709,33,1
709,684,1
709,222,1
711,367,1
711,274,1
711,239,1
711,418,1
711,4,1
711,237,1
711,709,1
711,28,1
711,73,1
711,210,1
710,288,1
710,272,1
710,98,1
710,183,1
710,176,1
710,96,1
710,11,1
710,195,1
710,168,1
710,347,1
712,216,1
712,155,1
712,1041,1
712,70,1
712,239,1
712,1035,1
712,778,1
712,161,1
712,720,1
712,8,1
715,568,1
715,210,1
715,55,1
715,403,1
715,240,1
715,763,1
715,218,1
715,226,1
715,151,1
715,742,1
713,751,1
713,316,1
713,312,1
713,305,1
713,343,1
713,346,1
713,301,1
713,271,1
713,333,1
713,895,1
716,71,1
716,378,1
716,15,1
716,8,1
716,429,1
716,125,1
716,596,1
716,699,1
716,476,1
716,523,1
681,300,1
681,269,1
681,313,1
681,301,1
681,748,1
681,323,1
681,302,1
681,307,1
681,245,1
681,326,1
678,121,1
678,9,1
678,286,1
678,151,1
678,258,1
678,257,1
678,405,1
678,294,1
678,118,1
678,125,1
719,15,1
719,276,1
719,1,1
719,100,1
719,181,1
719,275,1
719,471,1
719,174,1
719,111,1
719,117,1
702,328,1
702,323,1
702,286,1
702,333,1
702,245,1
702,678,1
702,269,1
702,302,1
702,326,1
702,358,1
721,313,1
721,272,1
721,315,1
721,338,1
721,316,1
721,751,1
721,271,1
721,307,1
721,310,1
721,750,1
714,222,1
714,742,1
714,25,1
714,125,1
714,546,1
714,127,1
714,274,1
714,476,1
714,147,1
714,275,1
717,323,1
717,257,1
717,118,1
717,1,1
717,15,1
717,151,1
717,276,1
717,9,1
717,181,1
717,255,1
718,125,1
718,117,1
718,237,1
718,1,1
718,148,1
718,281,1
718,25,1
718,147,1
718,151,1
718,323,1
696,269,1
696,300,1
696,258,1
696,272,1
696,301,1
696,294,1
696,288,1
696,340,1
696,751,1
696,690,1
722,15,1
722,742,1
722,125,1
722,1,1
722,222,1
722,282,1
722,257,1
722,9,1
722,50,1
722,181,1
724,315,1
724,316,1
724,270,1
724,340,1
724,689,1
724,312,1
724,303,1
724,292,1
724,321,1
724,306,1
727,288,1
727,554,1
727,1228,1
727,4,1
727,64,1
727,391,1
727,452,1
727,216,1
727,218,1
727,780,1
725,289,1
725,323,1
725,269,1
725,313,1
725,678,1
725,304,1
725,50,1
725,302,1
725,326,1
725,127,1
706,300,1
706,286,1
706,748,1
706,222,1
706,121,1
706,127,1
706,257,1
706,405,1
706,15,1
706,328,1
720,340,1
720,305,1
720,301,1
720,303,1
720,270,1
720,690,1
720,312,1
720,300,1
720,751,1
720,327,1
729,307,1
729,258,1
729,326,1
729,332,1
729,323,1
729,245,1
729,315,1
729,271,1
729,301,1
729,286,1
726,815,1
726,111,1
726,1047,1
726,476,1
726,15,1
726,237,1
726,866,1
726,756,1
726,125,1
726,411,1
728,294,1
728,258,1
728,275,1
728,50,1
728,300,1
728,1,1
728,127,1
728,9,1
728,181,1
728,257,1
703,405,1
703,151,1
703,125,1
703,282,1
703,111,1
703,546,1
703,255,1
703,286,1
703,597,1
703,284,1
738,588,1
738,185,1
738,432,1
738,431,1
738,419,1
738,132,1
738,288,1
738,218,1
738,11,1
738,99,1
736,288,1
736,258,1
736,100,1
736,300,1
736,289,1
736,269,1
736,1,1
736,268,1
736,276,1
736,319,1
734,69,1
734,181,1
734,64,1
734,216,1
734,427,1
734,357,1
734,1,1
734,194,1
734,197,1
734,100,1
730,288,1
730,286,1
730,222,1
730,127,1
730,313,1
730,289,1
730,245,1
730,9,1
730,323,1
730,405,1
743,313,1
743,328,1
743,245,1
743,319,1
743,323,1
743,304,1
743,333,1
743,690,1
743,50,1
743,127,1
742,121,1
742,257,1
742,151,1
742,276,1
742,9,1
742,25,1
742,405,1
742,286,1
742,275,1
742,118,1
737,56,1
737,98,1
737,168,1
737,172,1
737,318,1
737,204,1
737,79,1
737,238,1
737,194,1
737,210,1
733,475,1
733,25,1
733,15,1
733,111,1
733,508,1
733,93,1
733,628,1
733,255,1
733,476,1
733,845,1
745,514,1
745,56,1
745,357,1
745,318,1
745,523,1
745,191,1
745,528,1
745,197,1
745,511,1
745,180,1
740,313,1
740,245,1
740,301,1
740,323,1
740,690,1
740,321,1
740,304,1
740,268,1
740,333,1
740,259,1
735,294,1
735,222,1
735,257,1
735,121,1
735,14,1
735,15,1
735,268,1
735,313,1
735,302,1
735,328,1
747,197,1
747,657,1
747,186,1
747,191,1
747,484,1
747,709,1
747,200,1
747,516,1
747,151,1
747,527,1
723,294,1
723,100,1
723,181,1
723,127,1
723,288,1
723,269,1
723,300,1
723,56,1
723,257,1
723,98,1
739,258,1
739,174,1
739,294,1
739,300,1
739,313,1
739,173,1
739,210,1
739,272,1
739,271,1
739,357,1
749,243,1
749,28,1
749,265,1
749,225,1
749,409,1
749,97,1
749,588,1
749,820,1
749,323,1
749,679,1
748,98,1
748,100,1
748,127,1
748,191,1
748,435,1
748,294,1
748,28,1
748,423,1
748,202,1
748,238,1
746,98,1
746,195,1
746,234,1
746,7,1
746,173,1
746,227,1
746,200,1
746,28,1
746,588,1
746,69,1
731,483,1
731,191,1
731,479,1
731,318,1
731,523,1
731,199,1
731,604,1
731,174,1
731,435,1
731,498,1
750,302,1
750,326,1
750,313,1
750,333,1
750,690,1
750,307,1
750,332,1
750,289,1
750,340,1
750,259,1
741,168,1
741,97,1
741,64,1
741,318,1
741,8,1
741,655,1
741,143,1
741,144,1
741,71,1
741,153,1
751,393,1
751,732,1
751,451,1
751,71,1
751,403,1
751,258,1
751,97,1
751,208,1
751,151,1
751,294,1
756,405,1
756,7,1
756,237,1
756,25,1
756,288,1
756,294,1
756,257,1
756,229,1
756,127,1
756,227,1
757,55,1
757,218,1
757,184,1
757,234,1
757,273,1
757,77,1
757,200,1
757,159,1
757,294,1
757,597,1
752,343,1
752,312,1
752,895,1
752,898,1
752,689,1
752,682,1
752,328,1
752,303,1
752,879,1
752,292,1
758,268,1
758,47,1
758,333,1
758,321,1
758,264,1
758,396,1
758,327,1
758,367,1
758,559,1
758,443,1
732,258,1
732,328,1
732,748,1
732,301,1
732,313,1
732,302,1
732,323,1
732,319,1
732,326,1
732,259,1
762,268,1
762,269,1
762,319,1
762,258,1
762,301,1
762,294,1
762,289,1
762,288,1
762,300,1
762,242,1
744,100,1
744,286,1
744,181,1
744,98,1
744,56,1
744,258,1
744,288,1
744,294,1
744,357,1
744,318,1
754,471,1
754,125,1
754,245,1
754,300,1
754,294,1
754,323,1
754,126,1
754,748,1
754,258,1
754,121,1
753,258,1
753,56,1
753,318,1
753,288,1
753,603,1
753,197,1
753,191,1
753,127,1
753,289,1
753,135,1
763,582,1
763,86,1
763,318,1
763,179,1
763,216,1
763,531,1
763,64,1
763,204,1
763,655,1
763,215,1
764,471,1
764,181,1
764,546,1
764,685,1
764,476,1
764,257,1
764,127,1
764,147,1
764,148,1
764,815,1
767,514,1
767,523,1
767,705,1
767,435,1
767,199,1
767,194,1
767,603,1
767,286,1
767,482,1
767,50,1
769,151,1
769,25,1
769,117,1
769,742,1
769,257,1
769,125,1
769,7,1
769,100,1
769,596,1
769,282,1
755,313,1
755,326,1
755,333,1
755,307,1
755,332,1
755,292,1
755,272,1
755,678,1
755,751,1
755,268,1
771,269,1
771,300,1
771,70,1
771,100,1
771,257,1
771,288,1
771,127,1
771,210,1
771,204,1
771,301,1
768,294,1
768,258,1
768,125,1
768,286,1
768,748,1
768,276,1
768,118,1
768,181,1
768,328,1
768,546,1
773,17,1
773,55,1
773,302,1
773,246,1
773,156,1
773,201,1
773,150,1
773,4,1
773,39,1
773,327,1
765,116,1
765,100,1
765,9,1
765,124,1
765,475,1
765,19,1
765,276,1
765,515,1
765,13,1
765,1,1
772,333,1
772,690,1
772,286,1
772,301,1
772,269,1
772,750,1
772,289,1
772,292,1
772,270,1
772,340,1
766,511,1
766,199,1
766,603,1
766,480,1
766,195,1
766,430,1
766,200,1
766,204,1
766,153,1
766,163,1
774,665,1
774,164,1
774,184,1
774,636,1
774,443,1
774,144,1
774,1,1
774,441,1
774,474,1
774,173,1
760,294,1
760,1,1
760,15,1
760,257,1
760,117,1
760,274,1
760,121,1
760,100,1
760,222,1
760,173,1
761,100,1
761,323,1
761,257,1
761,276,1
761,322,1
761,121,1
761,118,1
761,405,1
761,300,1
761,298,1
777,50,1
777,174,1
777,181,1
777,98,1
777,318,1
777,64,1
777,172,1
777,173,1
777,194,1
777,12,1
759,286,1
759,288,1
759,100,1
759,15,1
759,9,1
759,289,1
759,313,1
759,125,1
759,276,1
759,322,1
776,183,1
776,205,1
776,448,1
776,429,1
776,176,1
776,484,1
776,447,1
776,434,1
776,56,1
776,654,1
780,194,1
780,56,1
780,483,1
780,173,1
780,168,1
780,64,1
780,435,1
780,191,1
780,69,1
780,197,1
779,237,1
779,100,1
779,151,1
779,405,1
779,25,1
779,127,1
779,742,1
779,288,1
779,286,1
779,748,1
778,210,1
778,173,1
778,172,1
778,202,1
778,96,1
778,89,1
778,183,1
778,153,1
778,176,1
778,22,1
782,262,1
782,319,1
782,875,1
782,305,1
782,303,1
782,242,1
782,336,1
782,988,1
782,327,1
782,874,1
786,151,1
786,79,1
786,22,1
786,64,1
786,25,1
786,215,1
786,56,1
786,427,1
786,168,1
786,8,1
784,245,1
784,748,1
784,288,1
784,301,1
784,879,1
784,347,1
784,294,1
784,343,1
784,322,1
784,289,1
770,286,1
770,9,1
770,276,1
770,237,1
770,127,1
770,269,1
770,121,1
770,245,1
770,124,1
770,313,1
788,526,1
788,77,1
788,31,1
788,449,1
788,5,1
788,127,1
788,576,1
788,265,1
788,678,1
788,515,1
789,7,1
789,121,1
789,257,1
789,237,1
789,222,1
789,117,1
789,25,1
789,273,1
789,13,1
789,246,1
790,94,1
790,88,1
790,732,1
790,82,1
790,257,1
790,239,1
790,204,1
790,24,1
790,95,1
790,780,1
787,315,1
787,301,1
787,272,1
787,316,1
787,270,1
787,340,1
787,332,1
787,312,1
787,327,1
787,303,1
783,327,1
783,302,1
783,332,1
783,326,1
783,313,1
783,682,1
783,879,1
783,272,1
783,340,1
783,751,1
785,258,1
785,286,1
785,181,1
785,100,1
785,98,1
785,127,1
785,300,1
785,172,1
785,173,1
785,357,1
794,408,1
794,7,1
794,258,1
794,222,1
794,124,1
794,151,1
794,276,1
794,237,1
794,9,1
794,121,1
781,98,1
781,79,1
781,357,1
781,173,1
781,300,1
781,22,1
781,12,1
781,168,1
781,748,1
781,194,1
796,259,1
796,225,1
796,526,1
796,135,1
796,435,1
796,70,1
796,1028,1
796,140,1
796,465,1
796,289,1
795,24,1
795,94,1
795,408,1
795,393,1
795,67,1
795,90,1
795,451,1
795,56,1
795,455,1
795,447,1
793,546,1
793,410,1
793,24,1
793,147,1
793,25,1
793,455,1
793,123,1
793,475,1
793,125,1
793,284,1
798,167,1
798,1041,1
798,739,1
798,1028,1
798,401,1
798,304,1
798,294,1
798,934,1
798,67,1
798,575,1
791,258,1
791,313,1
791,323,1
791,690,1
791,333,1
791,326,1
791,321,1
791,678,1
791,307,1
791,268,1
802,271,1
802,127,1
802,322,1
802,50,1
802,324,1
802,637,1
802,243,1
802,515,1
802,683,1
802,181,1
800,258,1
800,100,1
800,286,1
800,117,1
800,288,1
800,748,1
800,9,1
800,7,1
800,151,1
800,323,1
804,665,1
804,452,1
804,117,1
804,53,1
804,404,1
804,217,1
804,441,1
804,501,1
804,29,1
804,8,1
803,328,1
803,258,1
803,326,1
803,313,1
803,302,1
803,323,1
803,301,1
803,294,1
803,333,1
803,288,1
775,751,1
775,340,1
775,328,1
775,271,1
775,332,1
775,301,1
775,346,1
775,316,1
775,895,1
775,288,1
792,284,1
792,410,1
792,281,1
792,117,1
792,685,1
792,235,1
792,628,1
792,411,1
792,148,1
792,756,1
799,300,1
799,294,1
799,322,1
799,269,1
799,288,1
799,313,1
799,304,1
799,302,1
799,328,1
799,323,1
805,218,1
805,53,1
805,72,1
805,109,1
805,70,1
805,732,1
805,230,1
805,239,1
805,219,1
805,2,1
806,173,1
806,42,1
806,7,1
806,268,1
806,4,1
806,64,1
806,183,1
806,202,1
806,11,1
806,69,1
807,294,1
807,568,1
807,443,1
807,225,1
807,755,1
807,98,1
807,164,1
807,434,1
807,183,1
807,378,1
797,258,1
797,289,1
797,288,1
797,323,1
797,322,1
797,245,1
797,313,1
797,301,1
797,304,1
797,678,1
801,327,1
801,748,1
801,258,1
801,751,1
801,879,1
801,690,1
801,272,1
801,323,1
801,331,1
801,678,1
809,294,1
809,288,1
809,323,1
809,326,1
809,269,1
809,690,1
809,301,1
809,332,1
809,271,1
809,327,1
815,234,1
815,211,1
815,56,1
815,186,1
815,161,1
815,100,1
815,385,1
815,568,1
815,208,1
815,194,1
817,100,1
817,50,1
817,286,1
817,323,1
817,181,1
817,127,1
817,678,1
817,333,1
817,298,1
817,237,1
821,50,1
821,9,1
821,127,1
821,222,1
821,25,1
821,276,1
821,257,1
821,282,1
821,7,1
821,283,1
818,333,1
818,307,1
818,272,1
818,301,1
818,327,1
818,340,1
818,748,1
818,315,1
818,268,1
818,294,1
814,567,1
814,637,1
814,670,1
814,217,1
814,452,1
814,573,1
814,109,1
814,671,1
814,563,1
814,636,1
812,322,1
812,323,1
812,258,1
812,313,1
812,690,1
812,307,1
812,259,1
812,879,1
812,269,1
812,304,1
823,82,1
823,121,1
823,403,1
823,432,1
823,265,1
823,208,1
823,200,1
823,179,1
823,431,1
823,405,1
825,471,1
825,15,1
825,295,1
825,1,1
825,410,1
825,756,1
825,763,1
825,845,1
825,123,1
825,151,1
827,328,1
827,307,1
827,323,1
827,751,1
827,327,1
827,315,1
827,271,1
827,322,1
827,340,1
827,879,1
829,285,1
829,9,1
829,283,1
829,137,1
829,127,1
829,269,1
829,19,1
829,50,1
829,289,1
829,242,1
811,322,1
811,328,1
811,245,1
811,313,1
811,259,1
811,326,1
811,269,1
811,288,1
811,333,1
811,302,1
830,234,1
830,423,1
830,419,1
830,144,1
830,132,1
830,28,1
830,496,1
830,168,1
830,143,1
830,185,1
826,380,1
826,450,1
826,300,1
826,358,1
826,164,1
826,54,1
826,751,1
826,77,1
826,234,1
826,328,1
831,286,1
831,302,1
831,268,1
831,678,1
831,289,1
831,879,1
831,127,1
831,269,1
831,751,1
831,322,1
819,269,1
819,301,1
819,294,1
819,288,1
819,313,1
819,289,1
819,242,1
819,748,1
819,328,1
819,306,1
828,268,1
828,242,1
828,690,1
828,319,1
828,324,1
828,272,1
828,750,1
828,311,1
828,221,1
828,333,1
808,258,1
808,268,1
808,328,1
808,269,1
808,307,1
808,690,1
808,301,1
808,272,1
808,326,1
808,343,1
835,483,1
835,496,1
835,64,1
835,22,1
835,480,1
835,479,1
835,172,1
835,79,1
835,199,1
835,498,1
833,672,1
833,17,1
833,39,1
833,559,1
833,109,1
833,1073,1
833,569,1
833,145,1
833,603,1
833,42,1
836,303,1
836,294,1
836,300,1
836,319,1
836,98,1
836,194,1
836,197,1
836,172,1
836,514,1
836,321,1
816,245,1
816,748,1
816,307,1
816,333,1
816,879,1
816,286,1
816,292,1
816,289,1
816,302,1
816,358,1
838,294,1
838,237,1
838,269,1
838,288,1
838,216,1
838,98,1
838,151,1
838,202,1
838,79,1
838,25,1
839,9,1
839,471,1
839,15,1
839,282,1
839,293,1
839,125,1
839,744,1
839,284,1
839,25,1
839,275,1
840,523,1
840,482,1
840,427,1
840,211,1
840,275,1
840,133,1
840,527,1
840,318,1
840,86,1
840,530,1
832,300,1
832,333,1
832,289,1
832,302,1
832,879,1
832,271,1
832,332,1
832,259,1
832,690,1
832,269,1
810,322,1
810,748,1
810,258,1
810,245,1
810,259,1
810,690,1
810,307,1
810,302,1
810,332,1
810,292,1
844,1,1
844,313,1
844,288,1
844,237,1
844,286,1
844,127,1
844,79,1
844,98,1
844,28,1
844,96,1
843,559,1
843,510,1
843,100,1
843,568,1
843,187,1
843,22,1
843,184,1
843,233,1
843,684,1
843,231,1
834,748,1
834,328,1
834,302,1
834,289,1
834,301,1
834,1,1
834,121,1
834,222,1
834,257,1
834,340,1
846,162,1
846,631,1
846,62,1
846,582,1
846,399,1
846,402,1
846,155,1
846,167,1
846,38,1
846,207,1
837,471,1
837,1,1
837,255,1
837,126,1
837,121,1
837,118,1
837,405,1
837,257,1
837,742,1
837,14,1
813,322,1
813,323,1
813,328,1
813,245,1
813,748,1
813,678,1
813,286,1
813,258,1
813,332,1
813,879,1
842,347,1
842,327,1
842,346,1
842,750,1
842,301,1
842,343,1
842,690,1
842,305,1
842,307,1
842,271,1
847,208,1
847,100,1
847,186,1
847,111,1
847,154,1
847,194,1
847,393,1
847,132,1
847,423,1
847,21,1
848,211,1
848,194,1
848,168,1
848,705,1
848,208,1
848,659,1
848,98,1
848,28,1
848,8,1
848,143,1
822,288,1
822,258,1
822,313,1
822,121,1
822,222,1
822,294,1
822,300,1
822,181,1
822,50,1
822,151,1
852,222,1
852,288,1
852,294,1
852,742,1
852,258,1
852,300,1
852,748,1
852,237,1
852,125,1
852,15,1
851,288,1
851,260,1
851,678,1
851,358,1
851,322,1
851,876,1
851,323,1
851,294,1
851,928,1
851,249,1
849,117,1
849,405,1
849,222,1
849,7,1
849,181,1
849,1,1
849,50,1
849,742,1
849,151,1
849,546,1
854,276,1
854,248,1
854,137,1
854,284,1
854,845,1
854,181,1
854,298,1
854,192,1
854,1012,1
854,480,1
850,194,1
850,216,1
850,423,1
850,357,1
850,483,1
850,191,1
850,195,1
850,64,1
850,427,1
850,186,1
858,258,1
858,300,1
858,288,1
858,748,1
858,294,1
858,245,1
858,328,1
858,322,1
858,313,1
858,302,1
853,313,1
853,289,1
853,751,1
853,310,1
853,269,1
853,272,1
853,243,1
853,689,1
853,750,1
853,343,1
855,285,1
855,14,1
855,19,1
855,212,1
855,242,1
855,137,1
855,116,1
855,923,1
855,221,1
855,213,1
824,300,1
824,258,1
824,328,1
824,269,1
824,326,1
824,690,1
824,313,1
824,302,1
824,301,1
824,333,1
845,315,1
845,347,1
845,305,1
845,312,1
845,301,1
845,316,1
845,345,1
845,270,1
845,344,1
845,307,1
841,328,1
841,690,1
841,245,1
841,332,1
841,301,1
841,294,1
841,327,1
841,269,1
841,879,1
841,750,1
859,255,1
859,815,1
859,274,1
859,237,1
859,283,1
859,1047,1
859,845,1
859,13,1
859,150,1
859,248,1
862,234,1
862,23,1
862,273,1
862,218,1
862,591,1
862,628,1
862,144,1
862,118,1
862,1,1
862,318,1
856,245,1
856,333,1
856,288,1
856,301,1
856,269,1
856,302,1
856,332,1
856,751,1
856,271,1
856,259,1
820,300,1
820,327,1
820,307,1
820,294,1
820,690,1
820,269,1
820,245,1
820,326,1
820,272,1
820,268,1
863,312,1
863,311,1
863,345,1
863,689,1
863,338,1
863,358,1
863,896,1
863,245,1
863,323,1
863,880,1
860,319,1
860,258,1
860,242,1
860,268,1
860,340,1
860,288,1
860,306,1
860,304,1
860,748,1
860,275,1
857,286,1
857,269,1
857,242,1
857,289,1
857,319,1
857,748,1
857,322,1
857,245,1
857,301,1
857,288,1
864,739,1
864,385,1
864,241,1
864,68,1
864,233,1
864,155,1
864,449,1
864,554,1
864,431,1
864,83,1
865,151,1
865,25,1
865,742,1
865,235,1
865,257,1
865,237,1
865,125,1
865,181,1
865,109,1
865,250,1
868,559,1
868,53,1
868,175,1
868,431,1
868,226,1
868,231,1
868,62,1
868,4,1
868,443,1
868,665,1
867,127,1
867,100,1
867,357,1
867,187,1
867,288,1
867,173,1
867,194,1
867,427,1
867,179,1
867,185,1
861,285,1
861,306,1
861,269,1
861,19,1
861,283,1
861,165,1
861,268,1
861,137,1
861,707,1
861,303,1
870,531,1
870,175,1
870,187,1
870,423,1
870,153,1
870,234,1
870,173,1
870,176,1
870,156,1
870,183,1
871,268,1
871,340,1
871,288,1
871,294,1
871,327,1
871,319,1
871,328,1
871,343,1
871,316,1
871,748,1
875,318,1
875,197,1
875,191,1
875,182,1
875,79,1
875,69,1
875,427,1
875,483,1
875,531,1
875,204,1
876,127,1
876,50,1
876,357,1
876,194,1
876,322,1
876,100,1
876,191,1
876,56,1
876,64,1
876,514,1
872,125,1
872,471,1
872,245,1
872,678,1
872,1016,1
872,148,1
872,255,1
872,147,1
872,307,1
872,291,1
866,311,1
866,301,1
866,286,1
866,268,1
866,345,1
866,312,1
866,690,1
866,258,1
866,270,1
866,750,1
877,313,1
877,268,1
877,294,1
877,213,1
877,289,1
877,50,1
877,462,1
877,181,1
877,736,1
877,301,1
873,748,1
873,245,1
873,323,1
873,690,1
873,322,1
873,288,1
873,333,1
873,301,1
873,302,1
873,332,1
880,358,1
880,66,1
880,827,1
880,216,1
880,364,1
880,1028,1
880,710,1
880,323,1
880,993,1
880,1048,1
878,86,1
878,83,1
878,381,1
878,382,1
878,173,1
878,190,1
878,69,1
878,660,1
878,527,1
878,709,1
869,111,1
869,255,1
869,257,1
869,1,1
869,121,1
869,274,1
869,283,1
869,405,1
869,117,1
869,845,1
881,211,1
881,210,1
881,237,1
881,496,1
881,153,1
881,173,1
881,510,1
881,597,1
881,427,1
881,144,1
879,405,1
879,100,1
879,257,1
879,258,1
879,742,1
879,275,1
879,9,1
879,286,1
879,471,1
879,7,1
883,268,1
883,340,1
883,381,1
883,258,1
883,301,1
883,242,1
883,272,1
883,303,1
883,652,1
883,179,1
882,125,1
882,257,1
882,742,1
882,100,1
882,1028,1
882,144,1
882,22,1
882,596,1
882,127,1
882,97,1
884,286,1
884,242,1
884,19,1
884,319,1
884,137,1
884,289,1
884,283,1
884,170,1
884,306,1
884,321,1
886,421,1
886,226,1
886,210,1
886,70,1
886,39,1
886,77,1
886,684,1
886,431,1
886,82,1
886,154,1
885,732,1
885,66,1
885,202,1
885,692,1
885,8,1
885,168,1
885,15,1
885,294,1
885,121,1
885,257,1
889,238,1
889,47,1
889,367,1
889,200,1
889,558,1
889,508,1
889,176,1
889,531,1
889,198,1
889,421,1
874,269,1
874,258,1
874,294,1
874,50,1
874,300,1
874,288,1
874,319,1
874,268,1
874,181,1
874,301,1
892,443,1
892,234,1
892,211,1
892,185,1
892,205,1
892,161,1
892,404,1
892,520,1
892,199,1
892,141,1
890,56,1
890,79,1
890,511,1
890,96,1
890,100,1
890,175,1
890,82,1
890,432,1
890,164,1
890,197,1
893,742,1
893,181,1
893,257,1
893,546,1
893,282,1
893,222,1
893,7,1
893,100,1
893,276,1
893,15,1
887,866,1
887,820,1
887,546,1
887,742,1
887,1016,1
887,21,1
887,117,1
887,685,1
887,144,1
887,282,1
891,125,1
891,9,1
891,284,1
891,275,1
891,276,1
891,1,1
891,255,1
891,283,1
891,845,1
891,151,1
894,301,1
894,321,1
894,325,1
894,544,1
894,458,1
894,1011,1
894,813,1
894,880,1
894,696,1
894,1008,1
896,218,1
896,5,1
896,443,1
896,447,1
896,693,1
896,44,1
896,185,1
896,56,1
896,581,1
896,38,1
897,144,1
897,685,1
897,218,1
897,31,1
897,64,1
897,820,1
897,969,1
897,252,1
897,282,1
897,432,1
901,25,1
901,202,1
901,1028,1
901,100,1
901,173,1
901,127,1
901,225,1
901,274,1
901,153,1
901,692,1
899,210,1
899,100,1
899,22,1
899,97,1
899,56,1
899,196,1
899,15,1
899,191,1
899,143,1
899,405,1
903,591,1
903,150,1
903,508,1
903,124,1
903,174,1
903,117,1
903,246,1
903,200,1
903,144,1
903,176,1
904,283,1
904,70,1
904,25,1
904,294,1
904,15,1
904,949,1
904,301,1
904,381,1
904,313,1
904,476,1
907,280,1
907,255,1
907,845,1
907,276,1
907,9,1
907,126,1
907,328,1
907,535,1
907,148,1
907,300,1
905,286,1
905,288,1
905,50,1
905,289,1
905,9,1
905,127,1
905,181,1
905,1,1
905,276,1
905,323,1
902,286,1
902,288,1
902,748,1
902,313,1
902,100,1
902,269,1
902,322,1
902,323,1
902,678,1
902,245,1
898,269,1
898,690,1
898,333,1
898,307,1
898,301,1
898,326,1
898,294,1
898,245,1
898,340,1
898,332,1
895,258,1
895,286,1
895,300,1
895,257,1
895,237,1
895,288,1
895,127,1
895,121,1
895,15,1
895,25,1
906,151,1
906,118,1
906,275,1
906,222,1
906,1,1
906,25,1
906,282,1
906,127,1
906,258,1
906,14,1
900,127,1
900,7,1
900,1,1
900,50,1
900,181,1
900,222,1
900,118,1
900,15,1
900,276,1
900,151,1
908,168,1
908,474,1
908,514,1
908,134,1
908,480,1
908,23,1
908,64,1
908,523,1
908,180,1
908,89,1
916,129,1
916,628,1
916,93,1
916,124,1
916,469,1
916,293,1
916,59,1
916,518,1
916,658,1
916,403,1
911,132,1
911,202,1
911,133,1
911,69,1
911,28,1
911,97,1
911,196,1
911,135,1
911,8,1
911,498,1
912,603,1
912,514,1
912,134,1
912,211,1
912,98,1
912,484,1
912,435,1
912,480,1
912,153,1
912,191,1
914,949,1
914,70,1
914,66,1
914,584,1
914,716,1
914,283,1
914,382,1
914,694,1
914,707,1
914,86,1
918,663,1
918,285,1
918,191,1
918,516,1
918,736,1
918,14,1
918,509,1
918,116,1
918,435,1
918,705,1
919,248,1
919,845,1
919,762,1
919,274,1
919,127,1
919,269,1
919,249,1
919,280,1
919,476,1
919,763,1
921,117,1
921,300,1
921,866,1
921,118,1
921,756,1
921,476,1
921,255,1
921,742,1
921,243,1
921,225,1
910,294,1
910,258,1
910,7,1
910,276,1
910,15,1
910,151,1
910,678,1
910,323,1
910,515,1
910,328,1
913,286,1
913,182,1
913,197,1
913,187,1
913,135,1
913,23,1
913,511,1
913,153,1
913,496,1
913,134,1
915,340,1
915,269,1
915,272,1
915,327,1
915,690,1
915,751,1
915,271,1
915,332,1
915,343,1
915,748,1
922,121,1
922,405,1
922,117,1
922,88,1
922,7,1
922,231,1
922,226,1
922,393,1
922,732,1
922,118,1
923,298,1
923,7,1
923,597,1
923,147,1
923,118,1
923,471,1
923,1016,1
923,250,1
923,508,1
923,284,1
928,286,1
928,294,1
928,258,1
928,322,1
928,289,1
928,300,1
928,50,1
928,748,1
928,56,1
928,174,1
927,926,1
927,1028,1
927,88,1
927,451,1
927,476,1
927,66,1
927,151,1
927,732,1
927,993,1
927,546,1
924,98,1
924,515,1
924,222,1
924,357,1
924,294,1
924,79,1
924,191,1
924,483,1
924,197,1
924,22,1
929,183,1
929,357,1
929,194,1
929,64,1
929,79,1
929,168,1
929,603,1
929,176,1
929,180,1
929,96,1
931,294,1
931,301,1
931,288,1
931,289,1
931,748,1
931,328,1
931,321,1
931,307,1
931,1,1
931,323,1
917,15,1
917,111,1
917,275,1
917,125,1
917,117,1
917,151,1
917,257,1
917,742,1
917,222,1
917,118,1
932,152,1
932,190,1
932,674,1
932,127,1
932,505,1
932,631,1
932,602,1
932,604,1
932,499,1
932,50,1
909,242,1
909,322,1
909,321,1
909,319,1
909,269,1
909,304,1
909,306,1
909,303,1
909,690,1
909,245,1
934,430,1
934,659,1
934,517,1
934,194,1
934,523,1
934,238,1
934,511,1
934,8,1
934,603,1
934,662,1
933,208,1
933,423,1
933,240,1
933,431,1
933,24,1
933,235,1
933,109,1
933,655,1
933,2,1
933,188,1
935,25,1
935,151,1
935,111,1
935,222,1
935,275,1
935,276,1
935,126,1
935,756,1
935,845,1
935,50,1
938,282,1
938,294,1
938,147,1
938,274,1
938,924,1
938,628,1
938,123,1
938,322,1
938,295,1
938,820,1
940,288,1
940,127,1
940,268,1
940,318,1
940,79,1
940,340,1
940,210,1
940,197,1
940,22,1
940,64,1
888,275,1
888,283,1
888,14,1
888,50,1
888,285,1
888,1,1
888,276,1
888,127,1
888,116,1
888,181,1
925,358,1
925,271,1
925,264,1
925,343,1
925,895,1
925,331,1
925,302,1
925,346,1
925,334,1
925,258,1
942,294,1
942,286,1
942,243,1
942,483,1
942,194,1
942,22,1
942,289,1
942,199,1
942,98,1
942,603,1
937,269,1
937,319,1
937,289,1
937,127,1
937,276,1
937,321,1
937,475,1
937,1,1
937,181,1
937,257,1
926,748,1
926,328,1
926,301,1
926,268,1
926,690,1
926,333,1
926,323,1
926,319,1
926,326,1
926,307,1
943,144,1
943,550,1
943,82,1
943,265,1
943,77,1
943,118,1
943,597,1
943,176,1
943,684,1
943,183,1
939,866,1
939,125,1
939,864,1
939,1,1
939,294,1
939,815,1
939,117,1
939,25,1
939,988,1
939,111,1
936,293,1
936,150,1
936,1012,1
936,288,1
936,762,1
936,283,1
936,302,1
936,1047,1
936,151,1
936,676,1
930,276,1
930,9,1
930,127,1
930,15,1
930,181,1
930,475,1
930,111,1
930,25,1
930,508,1
930,124,1
920,327,1
920,751,1
920,271,1
920,690,1
920,343,1
920,315,1
920,748,1
920,750,1
920,269,1
920,326,1
941,100,1
941,50,1
941,288,1
941,121,1
941,127,1
941,286,1
941,151,1
941,237,1
941,276,1
941,405,1
